Date,Open,High,Low,Close,Adj Close,Volume
2014-04-01,7100,7100,7100,7100,7100,200
2014-04-02,6900,6900,6900,6900,6900,17900
2014-04-03,6800,6800,6800,6800,6800,600
2014-04-04,6700,6900,6700,6800,6800,6900
2014-04-07,6800,6800,6800,6800,6800,0
2014-04-08,6800,6800,6800,6800,6800,0
2014-04-10,7000,7000,6900,6900,6900,1100
2014-04-11,6800,6800,6800,6800,6800,500
2014-04-14,6700,6700,6700,6700,6700,200
2014-04-15,6700,6700,6700,6700,6700,2500
2014-04-16,6700,6800,6700,6700,6700,21900
2014-04-17,6700,6700,6700,6700,6700,0
2014-04-18,6600,6600,6600,6600,6600,3900
2014-04-21,6600,6600,6600,6600,6600,0
2014-04-22,6600,6600,6600,6600,6600,0
2014-04-23,6600,6600,6600,6600,6600,0
2014-04-24,6600,6600,6600,6600,6600,0
2014-04-25,6600,6600,6600,6600,6600,0
2014-04-28,6600,6600,6600,6600,6600,0
2014-04-29,6600,6600,6600,6600,6600,0
2014-05-05,6600,6600,6600,6600,6600,0
2014-05-06,6600,6600,6600,6600,6600,400
2014-05-07,6600,6600,6600,6600,6600,0
2014-05-08,6600,6600,6600,6600,6600,0
2014-05-09,6600,6600,6600,6600,6600,0
2014-05-12,6600,6600,6600,6600,6600,0
2014-05-13,6600,6600,6600,6600,6600,0
2014-05-14,6600,6600,6600,6600,6600,0
2014-05-15,6600,6600,6600,6600,6600,0
2014-05-16,6600,6600,6600,6600,6600,100
2014-05-19,6600,6600,6600,6600,6600,0
2014-05-20,6600,6600,6600,6600,6600,0
2014-05-21,6600,6600,6600,6600,6600,0
2014-05-22,6600,6600,6600,6600,6600,0
2014-05-23,6600,6600,6600,6600,6600,0
2014-05-26,6600,6600,6600,6600,6600,0
2014-05-27,6000,6000,6000,6000,6000,300
2014-05-28,6000,6000,6000,6000,6000,0
2014-05-29,6000,6000,6000,6000,6000,0
2014-05-30,6000,6000,6000,6000,6000,0
2014-06-02,5900,6000,5900,6000,6000,2500
2014-06-03,6000,6000,6000,6000,6000,0
2014-06-04,6000,6000,6000,6000,6000,0
2014-06-05,6000,6000,6000,6000,6000,0
2014-06-06,6000,6000,6000,6000,6000,0
2014-06-09,6000,6000,6000,6000,6000,0
2014-06-10,6000,6000,6000,6000,6000,0
2014-06-11,6000,6000,6000,6000,6000,0
2014-06-12,6000,6000,6000,6000,6000,0
2014-06-13,6000,6000,6000,6000,6000,0
2014-06-16,6000,6000,6000,6000,6000,0
2014-06-17,6000,6000,6000,6000,6000,0
2014-06-18,6000,6000,6000,6000,6000,0
2014-06-19,6000,6000,6000,6000,6000,0
2014-06-20,6000,6000,6000,6000,6000,0
2014-06-23,6000,6000,6000,6000,6000,0
2014-06-24,5500,5500,5500,5500,5500,100
2014-06-25,5500,5500,5500,5500,5500,300
2014-06-26,5500,5500,5500,5500,5500,0
2014-06-27,5500,5500,5500,5500,5500,0
2014-06-30,5400,5400,5400,5400,5400,1800
2014-07-01,5400,5400,5400,5400,5400,0
2014-07-02,5400,5400,5400,5400,5400,0
2014-07-03,5400,5400,5400,5400,5400,0
2014-07-04,5400,5400,5400,5400,5400,0
2014-07-07,5900,5900,5900,5900,5900,3000
2014-07-08,5500,5500,5500,5500,5500,100
2014-07-09,5500,5500,5500,5500,5500,0
2014-07-10,5500,5500,5500,5500,5500,0
2014-07-11,5500,5500,5500,5500,5500,1200
2014-07-14,5500,5500,5500,5500,5500,0
2014-07-15,5500,5500,5500,5500,5500,0
2014-07-16,5700,5700,5700,5700,5700,2000
2014-07-17,5700,5700,5700,5700,5700,0
2014-07-18,5700,5700,5700,5700,5700,0
2014-07-21,5700,5700,5700,5700,5700,1000
2014-07-22,5700,5700,5700,5700,5700,0
2014-07-23,5200,5200,5200,5200,5200,100
2014-07-24,5200,5200,5200,5200,5200,0
2014-07-25,5200,5200,5200,5200,5200,0
2014-07-28,5200,5200,5200,5200,5200,0
2014-07-29,5200,5200,5200,5200,5200,0
2014-07-30,5200,5200,5200,5200,5200,0
2014-07-31,5200,5200,4700,4700,4700,1400
2014-08-01,4700,4700,4700,4700,4700,0
2014-08-04,4700,4700,4700,4700,4700,0
2014-08-05,4300,4300,4300,4300,4300,300
2014-08-06,4300,4300,4300,4300,4300,0
2014-08-07,4300,4300,4300,4300,4300,0
2014-08-08,4300,4300,4300,4300,4300,500
2014-08-11,4700,4700,4700,4700,4700,100
2014-08-12,5100,5100,5100,5100,5100,1010
2014-08-13,5600,5600,5600,5600,5600,500
2014-08-14,5600,5600,5600,5600,5600,0
2014-08-15,5600,5600,5600,5600,5600,400
2014-08-18,5600,5600,5600,5600,5600,0
2014-08-19,5600,5600,5600,5600,5600,0
2014-08-20,5600,5600,5600,5600,5600,0
2014-08-21,5600,5600,5600,5600,5600,0
2014-08-22,5600,5600,5600,5600,5600,0
2014-08-25,5600,5600,5600,5600,5600,0
2014-08-26,5200,5200,5200,5200,5200,300
2014-08-27,5200,5200,5200,5200,5200,0
2014-08-28,5200,5200,5200,5200,5200,100
2014-08-29,5200,5200,5200,5200,5200,0
2014-09-03,5700,5700,5700,5700,5700,1500
2014-09-04,5700,5700,5700,5700,5700,0
2014-09-05,6000,6000,6000,6000,6000,100
2014-09-08,6000,6000,6000,6000,6000,0
2014-09-09,5400,5400,5400,5400,5400,2400
2014-09-10,5400,5400,5400,5400,5400,0
2014-09-11,5400,5400,5400,5400,5400,0
2014-09-12,5900,5900,5900,5900,5900,2100
2014-09-15,6000,6000,6000,6000,6000,2000
2014-09-16,6000,6000,6000,6000,6000,0
2014-09-17,6000,6000,6000,6000,6000,0
2014-09-18,6000,6000,6000,6000,6000,0
2014-09-19,6000,6000,6000,6000,6000,0
2014-09-22,6600,6600,6600,6600,6600,100
2014-09-23,6600,6600,6600,6600,6600,0
2014-09-24,6600,6600,6600,6600,6600,0
2014-09-25,6600,6600,6600,6600,6600,0
2014-09-26,6600,6600,6600,6600,6600,0
2014-09-29,6600,6600,6600,6600,6600,0
2014-09-30,6600,6600,6600,6600,6600,0
2014-10-01,6600,6600,6600,6600,6600,0
2014-10-02,6600,6600,6600,6600,6600,0
2014-10-03,7000,7000,7000,7000,7000,2700
2014-10-06,7000,7000,7000,7000,7000,0
2014-10-07,7700,7700,6300,6300,6300,300
2014-10-08,6900,6900,5700,6900,6900,3600
2014-10-09,6900,6900,6900,6900,6900,0
2014-10-10,6300,6300,6300,6300,6300,300
2014-10-13,6300,6300,6300,6300,6300,0
2014-10-14,6100,6100,6100,6100,6100,3000
2014-10-15,6100,6100,6100,6100,6100,0
2014-10-16,5500,5500,5500,5500,5500,1000
2014-10-17,5500,5500,5500,5500,5500,0
2014-10-20,5500,5500,5500,5500,5500,200
2014-10-21,5500,5500,5500,5500,5500,0
2014-10-22,5500,5500,5500,5500,5500,0
2014-10-23,5500,5500,5500,5500,5500,0
2014-10-24,5500,5500,5500,5500,5500,0
2014-10-27,5500,5500,5500,5500,5500,0
2014-10-28,5500,5500,5500,5500,5500,1700
2014-10-29,5500,5500,5500,5500,5500,0
2014-10-30,5500,5500,5500,5500,5500,0
2014-10-31,5500,5500,5500,5500,5500,0
2014-11-03,5500,5500,5500,5500,5500,0
2014-11-04,5500,5500,5500,5500,5500,0
2014-11-05,5500,5500,5500,5500,5500,0
2014-11-06,5500,5500,5500,5500,5500,0
2014-11-07,5500,5500,5500,5500,5500,0
2014-11-10,6000,6000,6000,6000,6000,100
2014-11-11,6000,6000,6000,6000,6000,0
2014-11-12,6000,6000,6000,6000,6000,0
2014-11-13,6000,6000,6000,6000,6000,0
2014-11-14,6000,6000,6000,6000,6000,0
2014-11-17,6400,6400,6400,6400,6400,100
2014-11-18,6400,6400,6400,6400,6400,0
2014-11-19,6400,6400,6400,6400,6400,0
2014-11-20,6400,6400,6400,6400,6400,0
2014-11-21,6400,6400,6400,6400,6400,0
2014-11-24,6400,6400,6400,6400,6400,0
2014-11-25,6400,6400,6400,6400,6400,0
2014-11-26,6400,6400,6400,6400,6400,0
2014-11-27,6400,6400,6400,6400,6400,0
2014-11-28,5800,5800,5800,5800,5800,400
2014-12-01,5300,5300,5300,5300,5300,1500
2014-12-02,5300,5300,5300,5300,5300,0
2014-12-03,5300,5300,5300,5300,5300,0
2014-12-04,5300,5300,5300,5300,5300,0
2014-12-05,4900,4900,4900,4900,4900,100
2014-12-08,4900,4900,4900,4900,4900,0
2014-12-09,5000,5000,4500,4500,4500,200
2014-12-10,4200,4200,4200,4200,4200,1500
2014-12-11,4600,4600,4600,4600,4600,150
2014-12-12,5000,5000,5000,5000,5000,200
2014-12-15,4500,4500,4500,4500,4500,100
2014-12-16,4900,4900,4900,4900,4900,200
2014-12-17,4900,4900,4900,4900,4900,300
2014-12-18,5200,5200,5200,5200,5200,100
2014-12-19,5200,5200,5200,5200,5200,0
2014-12-22,5200,5200,5200,5200,5200,0
2014-12-23,5200,5200,5200,5200,5200,0
2014-12-24,5200,5200,5200,5200,5200,0
2014-12-25,5200,5200,5200,5200,5200,0
2014-12-26,5200,5200,5200,5200,5200,1000
2014-12-29,5200,5200,5200,5200,5200,0
2014-12-30,5200,5200,5200,5200,5200,0
2014-12-31,5700,5700,5700,5700,5700,1400
2015-01-05,5700,5700,5700,5700,5700,0
2015-01-06,5700,5700,5700,5700,5700,0
2015-01-07,5700,5700,5700,5700,5700,0
2015-01-08,5400,5400,5400,5400,5400,300
2015-01-09,5300,5500,5300,5500,5500,900
2015-01-12,5400,5400,5400,5400,5400,600
2015-01-13,5400,5500,5400,5500,5500,800
2015-01-14,5500,5500,5500,5500,5500,0
2015-01-15,5500,5500,5500,5500,5500,0
2015-01-16,5500,5500,5500,5500,5500,0
2015-01-19,5500,5500,5500,5500,5500,0
2015-01-20,5500,5500,5500,5500,5500,0
2015-01-21,5500,5500,5500,5500,5500,0
2015-01-22,5500,5500,5500,5500,5500,0
2015-01-23,5500,5500,5500,5500,5500,0
2015-01-26,5500,5500,5500,5500,5500,0
2015-01-27,5500,5500,5500,5500,5500,0
2015-01-28,5000,5000,5000,5000,5000,1600
2015-01-29,5000,5000,5000,5000,5000,0
2015-01-30,5000,5000,5000,5000,5000,0
2015-02-02,4900,4900,4900,4900,4900,400
2015-02-03,4900,4900,4900,4900,4900,100
2015-02-04,5000,5000,5000,5000,5000,1200
2015-02-05,5100,5100,5100,5100,5100,500
2015-02-06,5100,5100,5100,5100,5100,0
2015-02-09,5100,5100,5100,5100,5100,0
2015-02-10,5100,5100,5100,5100,5100,0
2015-02-11,5100,5100,5100,5100,5100,0
2015-02-12,5100,5100,5100,5100,5100,0
2015-02-13,5100,5100,5100,5100,5100,0
2015-02-24,5100,5100,5100,5100,5100,0
2015-02-25,5000,5000,5000,5000,5000,2500
2015-02-26,5000,5000,5000,5000,5000,0
2015-02-27,5000,5000,5000,5000,5000,0
2015-03-02,5000,5000,5000,5000,5000,0
2015-03-03,5000,5000,5000,5000,5000,0
2015-03-04,5000,5000,5000,5000,5000,0
2015-03-05,5000,5000,5000,5000,5000,0
2015-03-06,5000,5000,5000,5000,5000,0
2015-03-09,5000,5000,5000,5000,5000,0
2015-03-10,5000,5000,5000,5000,5000,100
2015-03-11,5000,5000,5000,5000,5000,0
2015-03-12,5000,5000,5000,5000,5000,0
2015-03-13,5000,5000,5000,5000,5000,500
2015-03-16,5000,5000,5000,5000,5000,0
2015-03-17,5000,5000,5000,5000,5000,500
2015-03-18,5000,5000,5000,5000,5000,500
2015-03-19,5100,5100,5100,5100,5100,500
2015-03-20,5100,5100,5100,5100,5100,0
2015-03-23,5100,5100,5100,5100,5100,0
2015-03-24,5100,5100,5100,5100,5100,0
2015-03-25,5000,5000,5000,5000,5000,1200
2015-03-26,5000,5000,5000,5000,5000,0
2015-03-27,5000,5000,5000,5000,5000,5500
2015-03-30,5000,5000,5000,5000,5000,1500
2015-03-31,5000,5000,5000,5000,5000,500
2015-04-01,5000,5000,5000,5000,5000,0
2015-04-02,5000,5000,5000,5000,5000,0
2015-04-03,5000,5000,5000,5000,5000,100
2015-04-06,5000,5000,5000,5000,5000,0
2015-04-07,5000,5000,5000,5000,5000,0
2015-04-08,5000,5100,5000,5100,5100,7600
2015-04-09,5100,5100,5100,5100,5100,1900
2015-04-10,5100,5100,5100,5100,5100,0
2015-04-13,5100,5100,5100,5100,5100,0
2015-04-14,5100,5100,5100,5100,5100,0
2015-04-15,5100,5100,5100,5100,5100,0
2015-04-16,5100,5100,5100,5100,5100,0
2015-04-17,5100,5100,5100,5100,5100,0
2015-04-20,5100,5100,5100,5100,5100,0
2015-04-21,5100,5100,5100,5100,5100,0
2015-04-22,5100,5100,5100,5100,5100,0
2015-04-23,5000,5000,5000,5000,5000,300
2015-04-24,5000,5000,5000,5000,5000,0
2015-04-27,5000,5000,5000,5000,5000,0
2015-05-04,5000,5000,5000,5000,5000,500
2015-05-05,5000,5000,5000,5000,5000,0
2015-05-06,5000,5000,5000,5000,5000,4100
2015-05-07,5000,5000,5000,5000,5000,0
2015-05-08,5500,5500,5000,5000,5000,3400
2015-05-11,5500,5500,5500,5500,5500,1600
2015-05-12,5500,5500,5500,5500,5500,1000
2015-05-13,6000,6000,6000,6000,6000,1000
2015-05-14,6600,6600,6600,6600,6600,800
2015-05-15,7200,7200,7200,7200,7200,500
2015-05-18,7200,7200,7200,7200,7200,0
2015-05-19,7200,7200,7200,7200,7200,0
2015-05-20,6600,6600,6600,6600,6600,600
2015-05-21,6000,6000,6000,6000,6000,300
2015-05-22,6000,6000,6000,6000,6000,0
2015-05-25,6000,6000,6000,6000,6000,0
2015-05-26,5400,5400,5400,5400,5400,300
2015-05-27,5400,5400,5400,5400,5400,0
2015-05-28,5400,5400,5400,5400,5400,0
2015-05-29,5400,5400,5400,5400,5400,0
2015-06-01,5400,5400,5400,5400,5400,0
2015-06-02,5400,5400,5400,5400,5400,0
2015-06-03,5400,5400,5400,5400,5400,0
2015-06-04,5400,5400,5400,5400,5400,0
2015-06-05,5400,5400,5400,5400,5400,0
2015-06-08,5400,5400,5400,5400,5400,0
2015-06-09,5400,5400,5400,5400,5400,0
2015-06-10,5400,5400,5400,5400,5400,0
2015-06-11,5400,5400,5400,5400,5400,0
2015-06-12,5900,5900,5900,5900,5900,100
2015-06-15,5900,5900,5900,5900,5900,0
2015-06-16,5900,5900,5900,5900,5900,0
2015-06-17,5900,5900,5900,5900,5900,0
2015-06-18,5900,5900,5900,5900,5900,0
2015-06-19,5900,5900,5900,5900,5900,0
2015-06-22,5900,5900,5900,5900,5900,0
2015-06-23,5900,5900,5900,5900,5900,0
2015-06-24,5900,5900,5900,5900,5900,0
2015-06-25,5900,5900,5900,5900,5900,0
2015-06-26,5900,5900,5900,5900,5900,0
2015-06-29,5900,5900,5900,5900,5900,0
2015-06-30,5400,5400,5400,5400,5400,100
2015-07-01,5400,5400,5400,5400,5400,0
2015-07-02,4900,4900,4900,4900,4900,700
2015-07-03,4900,4900,4900,4900,4900,0
2015-07-06,4900,4900,4900,4900,4900,0
2015-07-07,4900,4900,4900,4900,4900,0
2015-07-08,4900,4900,4900,4900,4900,0
2015-07-09,4900,4900,4900,4900,4900,0
2015-07-10,4900,4900,4900,4900,4900,0
2015-07-13,4900,4900,4900,4900,4900,0
2015-07-14,4900,4900,4900,4900,4900,0
2015-07-15,4900,4900,4900,4900,4900,0
2015-07-16,4900,4900,4900,4900,4900,0
2015-07-17,4900,4900,4900,4900,4900,0
2015-07-20,4900,4900,4900,4900,4900,0
2015-07-21,4900,4900,4900,4900,4900,0
2015-07-22,4900,4900,4900,4900,4900,0
2015-07-23,4900,4900,4900,4900,4900,0
2015-07-24,4900,4900,4900,4900,4900,0
2015-07-27,5000,5000,5000,5000,5000,1000
2015-07-28,5000,5000,5000,5000,5000,0
2015-07-29,5000,5000,5000,5000,5000,0
2015-07-30,5000,5000,5000,5000,5000,0
2015-07-31,5000,5000,5000,5000,5000,0
2015-08-03,5000,5000,5000,5000,5000,0
2015-08-04,4700,4700,4700,4700,4700,200
2015-08-05,4700,4700,4700,4700,4700,0
2015-08-06,4700,4700,4700,4700,4700,0
2015-08-07,4700,4700,4700,4700,4700,0
2015-08-10,4700,4700,4700,4700,4700,0
2015-08-11,4700,4700,4700,4700,4700,0
2015-08-12,4700,4700,4700,4700,4700,0
2015-08-13,4700,4700,4700,4700,4700,0
2015-08-14,4700,4700,4700,4700,4700,0
2015-08-17,4700,4700,4700,4700,4700,0
2015-08-18,4700,4700,4700,4700,4700,0
2015-08-19,4700,4700,4700,4700,4700,0
2015-08-20,4700,4700,4700,4700,4700,0
2015-08-21,4700,4700,4700,4700,4700,0
2015-08-24,4700,4700,4700,4700,4700,0
2015-08-25,4700,4700,4700,4700,4700,0
2015-08-26,4700,4700,4700,4700,4700,0
2015-08-27,4500,4500,4500,4500,4500,1500
2015-08-28,4500,4500,4500,4500,4500,0
2015-08-31,4500,4500,4500,4500,4500,0
2015-09-01,4500,4500,4500,4500,4500,0
2015-09-03,4500,4500,4500,4500,4500,0
2015-09-04,4500,4500,4500,4500,4500,1000
2015-09-07,4500,4500,4500,4500,4500,0
2015-09-08,4500,4500,4500,4500,4500,0
2015-09-09,4500,4500,4500,4500,4500,0
2015-09-10,4500,4500,4500,4500,4500,0
2015-09-11,4500,4500,4500,4500,4500,0
2015-09-14,4500,4500,4500,4500,4500,0
2015-09-15,4500,4500,4500,4500,4500,0
2015-09-16,4500,4500,4500,4500,4500,0
2015-09-17,4500,4500,4500,4500,4500,0
2015-09-18,4500,4500,4500,4500,4500,0
2015-09-21,4500,4500,4500,4500,4500,0
2015-09-22,4500,4500,4500,4500,4500,0
2015-09-23,4500,4500,4500,4500,4500,0
2015-09-24,4500,4500,4500,4500,4500,0
2015-09-25,4500,4500,4500,4500,4500,0
2015-09-28,4500,4500,4500,4500,4500,0
2015-09-29,4500,4500,4500,4500,4500,0
2015-09-30,4500,4500,4500,4500,4500,0
2015-10-01,4500,4500,4500,4500,4500,100
2015-10-02,4500,4500,4500,4500,4500,0
2015-10-05,4500,4500,4500,4500,4500,0
2015-10-06,4500,4500,4500,4500,4500,0
2015-10-07,4500,4500,4500,4500,4500,0
2015-10-08,4500,4500,4500,4500,4500,0
2015-10-09,4500,4500,4500,4500,4500,0
2015-10-12,4500,4500,4500,4500,4500,0
2015-10-13,4500,4500,4500,4500,4500,0
2015-10-14,4500,4500,4500,4500,4500,0
2015-10-15,4500,4500,4500,4500,4500,0
2015-10-16,4500,4500,4500,4500,4500,0
2015-10-19,4500,4500,4500,4500,4500,0
2015-10-20,4500,4500,4500,4500,4500,0
2015-10-21,4500,4500,4500,4500,4500,300
2015-10-22,4500,4500,4500,4500,4500,0
2015-10-23,4500,4500,4500,4500,4500,0
2015-10-26,4100,4100,4100,4100,4100,5200
2015-10-27,4100,4100,4100,4100,4100,0
2015-10-28,4100,4100,4100,4100,4100,700
2015-10-29,4100,4100,4100,4100,4100,0
2015-10-30,4100,4100,4100,4100,4100,900
2015-11-02,4100,4100,4100,4100,4100,0
2015-11-03,4100,4100,4100,4100,4100,0
2015-11-04,4100,4100,4100,4100,4100,0
2015-11-05,4100,4100,4100,4100,4100,0
2015-11-06,4100,4100,4100,4100,4100,0
2015-11-09,4100,4100,4100,4100,4100,0
2015-11-10,4100,4100,4100,4100,4100,2000
2015-11-11,4100,4100,4100,4100,4100,0
2015-11-12,4100,4100,4100,4100,4100,0
2015-11-13,4100,4100,4100,4100,4100,0
2015-11-16,4100,4100,4100,4100,4100,0
2015-11-17,4100,4100,4100,4100,4100,0
2015-11-18,4100,4100,4100,4100,4100,0
2015-11-19,4100,4100,4100,4100,4100,0
2015-11-20,4100,4100,4100,4100,4100,0
2015-11-23,4300,4300,4300,4300,4300,200
2015-11-24,4300,4300,4300,4300,4300,0
2015-11-25,4300,4300,4300,4300,4300,0
2015-11-26,4300,4300,4300,4300,4300,0
2015-11-27,4300,4300,4300,4300,4300,100
2015-11-30,4300,4300,4300,4300,4300,100
2015-12-01,4300,4300,4300,4300,4300,0
2015-12-02,4300,4300,4300,4300,4300,0
2015-12-03,4300,4300,4300,4300,4300,0
2015-12-04,4300,4300,4300,4300,4300,100
2015-12-07,4300,4300,4300,4300,4300,0
2015-12-08,4300,4300,4300,4300,4300,0
2015-12-09,4300,4300,4300,4300,4300,0
2015-12-10,4300,4300,4300,4300,4300,0
2015-12-11,4300,4300,4300,4300,4300,0
2015-12-14,4300,4300,4300,4300,4300,0
2015-12-15,4300,4300,4300,4300,4300,0
2015-12-16,4300,4300,4300,4300,4300,0
2015-12-17,4000,4000,4000,4000,4000,1500
2015-12-18,4000,4000,4000,4000,4000,0
2015-12-21,4000,4000,4000,4000,4000,0
2015-12-22,4000,4000,4000,4000,4000,0
2015-12-23,4000,4000,4000,4000,4000,0
2015-12-24,4000,4000,4000,4000,4000,0
2015-12-25,4000,4000,4000,4000,4000,0
2015-12-28,4000,4000,4000,4000,4000,0
2015-12-29,4000,4000,4000,4000,4000,0
2015-12-30,4000,4000,4000,4000,4000,50
2015-12-31,4000,4000,4000,4000,4000,0
2016-01-04,4000,4000,4000,4000,4000,0
2016-01-05,4000,4000,4000,4000,4000,0
2016-01-06,4000,4000,4000,4000,4000,10
2016-01-07,4000,4000,4000,4000,4000,0
2016-01-08,4000,4000,4000,4000,4000,0
2016-01-11,4000,4000,4000,4000,4000,0
2016-01-12,4000,4000,4000,4000,4000,0
2016-01-13,4000,4000,4000,4000,4000,0
2016-01-14,4100,4100,4100,4100,4100,3800
2016-01-15,4100,4100,4100,4100,4100,0
2016-01-18,4100,4100,4100,4100,4100,700
2016-01-19,4100,4100,4100,4100,4100,0
2016-01-20,4500,4500,4500,4500,4500,1200
2016-01-21,4500,4500,4500,4500,4500,5400
2016-01-22,4500,4500,4500,4500,4500,800
2016-01-25,4500,4500,4500,4500,4500,0
2016-01-26,4500,4500,4500,4500,4500,4500
2016-01-27,4500,4500,4500,4500,4500,0
2016-01-28,4500,4500,4500,4500,4500,10
2016-01-29,4500,4500,4500,4500,4500,0
2016-02-01,4500,4500,4500,4500,4500,0
2016-02-02,4500,4500,4500,4500,4500,0
2016-02-03,4500,4500,4500,4500,4500,0
2016-02-04,4500,4500,4500,4500,4500,0
2016-02-05,4500,4500,4500,4500,4500,0
2016-02-15,4500,4500,4500,4500,4500,0
2016-02-16,4500,4500,4500,4500,4500,0
2016-02-17,4500,4500,4500,4500,4500,100
2016-02-18,4500,4500,4500,4500,4500,0
2016-02-19,4500,4500,4500,4500,4500,0
2016-02-22,4500,4500,4500,4500,4500,0
2016-02-23,4500,4500,4500,4500,4500,0
2016-02-24,4500,4500,4500,4500,4500,0
2016-02-25,4500,4500,4500,4500,4500,0
2016-02-26,4500,4500,4500,4500,4500,0
2016-02-29,4500,4500,4500,4500,4500,0
2016-03-01,4500,4500,4500,4500,4500,0
2016-03-02,4500,4500,4500,4500,4500,0
2016-03-03,4500,4500,4500,4500,4500,0
2016-03-04,4500,4500,4500,4500,4500,0
2016-03-07,4500,4500,4500,4500,4500,1500
2016-03-08,4500,4500,4500,4500,4500,0
2016-03-09,4500,4500,4500,4500,4500,0
2016-03-10,4500,4500,4500,4500,4500,0
2016-03-11,4500,4500,4500,4500,4500,0
2016-03-14,4500,4500,4500,4500,4500,0
2016-03-15,4500,4500,4500,4500,4500,0
2016-03-16,4500,4500,4500,4500,4500,0
2016-03-17,4500,4500,4500,4500,4500,0
2016-03-18,4500,4500,4500,4500,4500,0
2016-03-21,4500,4500,4500,4500,4500,0
2016-03-22,4500,4500,4500,4500,4500,0
2016-03-23,4500,4500,4500,4500,4500,0
2016-03-24,4500,4500,4500,4500,4500,0
2016-03-25,4500,4500,4500,4500,4500,0
2016-03-28,4500,4500,4500,4500,4500,0
2016-03-29,4500,4500,4500,4500,4500,0
2016-03-30,4500,4500,4500,4500,4500,0
2016-03-31,4500,4500,4500,4500,4500,0
2016-04-01,4900,4900,4900,4900,4900,100
2016-04-04,4900,4900,4900,4900,4900,0
2016-04-05,4900,4900,4900,4900,4900,0
2016-04-06,4500,4500,4500,4500,4500,1500
2016-04-07,4500,4500,4500,4500,4500,0
2016-04-08,4500,4500,4500,4500,4500,0
2016-04-11,4500,4500,4500,4500,4500,0
2016-04-12,4500,4500,4500,4500,4500,0
2016-04-13,4500,4500,4500,4500,4500,0
2016-04-14,4400,4400,4400,4400,4400,100
2016-04-15,4400,4400,4400,4400,4400,0
2016-04-19,4400,4400,4400,4400,4400,0
2016-04-20,4400,4400,4400,4400,4400,0
2016-04-21,4400,4400,4400,4400,4400,0
2016-04-22,4400,4400,4400,4400,4400,0
2016-04-25,4400,4400,4400,4400,4400,0
2016-04-26,4400,4400,4400,4400,4400,100
2016-04-27,4400,4400,4400,4400,4400,0
2016-04-28,4400,4400,4400,4400,4400,0
2016-04-29,4400,4400,4400,4400,4400,0
2016-05-04,4200,4200,4200,4200,4200,100
2016-05-05,4200,4200,4200,4200,4200,0
2016-05-06,4200,4200,4200,4200,4200,200
2016-05-09,4200,4200,4200,4200,4200,0
2016-05-10,4200,4200,4200,4200,4200,0
2016-05-11,4200,4200,4200,4200,4200,100
2016-05-12,4200,4200,4200,4200,4200,0
2016-05-13,4200,4200,4200,4200,4200,0
2016-05-16,4200,4200,4200,4200,4200,0
2016-05-17,4200,4200,4200,4200,4200,0
2016-05-18,4200,4200,4200,4200,4200,0
2016-05-19,4200,4200,4200,4200,4200,0
2016-05-20,4200,4200,4200,4200,4200,0
2016-05-23,4200,4200,4200,4200,4200,0
2016-05-24,4200,4200,4200,4200,4200,0
2016-05-25,4200,4200,4200,4200,4200,0
2016-05-26,4200,4200,4200,4200,4200,0
2016-05-27,4200,4200,4200,4200,4200,0
2016-05-30,4200,4200,4200,4200,4200,0
2016-05-31,4200,4200,4200,4200,4200,0
2016-06-01,4200,4200,4200,4200,4200,400
2016-06-02,4200,4200,4200,4200,4200,0
2016-06-03,4600,4600,4600,4600,4600,10000
2016-06-06,4600,4600,4600,4600,4600,0
2016-06-07,4600,4600,4600,4600,4600,0
2016-06-08,4600,4600,4600,4600,4600,0
2016-06-09,4600,4600,4600,4600,4600,0
2016-06-10,4600,4600,4600,4600,4600,0
2016-06-13,5000,5000,5000,5000,5000,100
2016-06-14,5500,5500,5300,5500,5500,121100
2016-06-15,6000,6000,6000,6000,6000,1700
2016-06-16,6600,6600,6600,6600,6600,300
2016-06-17,7200,7200,6000,6000,6000,8000
2016-06-20,5400,5400,5400,5400,5400,1100
2016-06-21,5400,5400,5400,5400,5400,0
2016-06-22,4900,4900,4900,4900,4900,1700
2016-06-23,5300,5300,5200,5300,5300,10300
2016-06-24,5700,5700,5300,5300,5300,13500
2016-06-27,5300,5300,5300,5300,5300,1000
2016-06-28,5300,5300,5300,5300,5300,0
2016-06-29,5300,5300,5300,5300,5300,3900
2016-06-30,5300,5300,5300,5300,5300,2700
2016-07-01,5300,5300,5300,5300,5300,0
2016-07-04,5300,5300,5300,5300,5300,0
2016-07-05,5100,5200,5000,5000,5000,31000
2016-07-06,5000,5000,5000,5000,5000,11100
2016-07-07,5500,5500,5500,5500,5500,1200
2016-07-08,5500,5500,5500,5500,5500,0
2016-07-11,5500,5500,5500,5500,5500,0
2016-07-12,5500,5500,5500,5500,5500,0
2016-07-13,5000,5000,5000,5000,5000,500
2016-07-14,5000,5000,5000,5000,5000,900
2016-07-15,5000,5000,5000,5000,5000,1000
2016-07-18,5000,5000,5000,5000,5000,1300
2016-07-19,5100,5200,5100,5200,5200,2500
2016-07-20,5300,5300,5300,5300,5300,700
2016-07-21,5300,5300,5300,5300,5300,0
2016-07-22,5300,5300,5300,5300,5300,0
2016-07-25,5200,5300,5200,5200,5200,3100
2016-07-26,5200,5200,5200,5200,5200,2000
2016-07-27,5200,5200,5200,5200,5200,3000
2016-07-28,5200,5200,5200,5200,5200,0
2016-07-29,5200,5200,5200,5200,5200,0
2016-08-01,5200,5200,5100,5100,5100,2000
2016-08-02,5100,5100,5100,5100,5100,1100
2016-08-03,5100,5100,5100,5100,5100,0
2016-08-04,5100,5100,5100,5100,5100,1000
2016-08-05,5100,5100,5100,5100,5100,0
2016-08-08,5100,5100,5100,5100,5100,0
2016-08-09,5100,5100,5100,5100,5100,400
2016-08-10,5100,5100,5100,5100,5100,0
2016-08-11,5100,5100,5100,5100,5100,0
2016-08-12,5100,5100,5100,5100,5100,0
2016-08-15,5100,5100,5100,5100,5100,0
2016-08-16,5100,5100,5100,5100,5100,0
2016-08-17,5100,5100,5100,5100,5100,0
2016-08-18,5100,5100,5100,5100,5100,0
2016-08-19,5100,5100,5100,5100,5100,0
2016-08-22,5100,5100,5100,5100,5100,0
2016-08-23,5100,5100,5100,5100,5100,700
2016-08-24,5100,5100,5100,5100,5100,600
2016-08-25,5100,5100,5100,5100,5100,3000
2016-08-26,5100,5100,5100,5100,5100,900
2016-08-29,5100,5100,5100,5100,5100,700
2016-08-30,5100,5100,5100,5100,5100,500
2016-08-31,5600,5600,5600,5600,5600,100
2016-09-01,5600,5600,5600,5600,5600,0
2016-09-05,5600,5600,5600,5600,5600,0
2016-09-06,5600,5600,5600,5600,5600,0
2016-09-07,5600,5600,5600,5600,5600,0
2016-09-08,5600,5600,5600,5600,5600,0
2016-09-09,5600,5600,5600,5600,5600,0
2016-09-12,5600,5600,5600,5600,5600,0
2016-09-13,5600,5600,5600,5600,5600,0
2016-09-14,5600,5600,5600,5600,5600,0
2016-09-15,5600,5600,5600,5600,5600,0
2016-09-16,5600,5600,5600,5600,5600,0
2016-09-19,5600,5600,5600,5600,5600,0
2016-09-20,5100,5100,5100,5100,5100,1500
2016-09-21,5100,5100,5100,5100,5100,900
2016-09-22,5100,5100,5100,5100,5100,0
2016-09-23,5100,5100,5100,5100,5100,0
2016-09-26,5100,5100,5100,5100,5100,0
2016-09-27,5100,5100,5100,5100,5100,0
2016-09-28,5100,5100,5100,5100,5100,500
2016-09-29,5100,5100,5100,5100,5100,0
2016-09-30,5100,5100,5100,5100,5100,0
2016-10-03,5100,5100,5100,5100,5100,500
2016-10-04,5100,5100,5100,5100,5100,400
2016-10-05,5100,5100,5100,5100,5100,0
2016-10-06,5100,5100,5100,5100,5100,100
2016-10-07,5100,5100,5100,5100,5100,0
2016-10-10,5100,5100,5100,5100,5100,0
2016-10-11,5100,5100,5100,5100,5100,0
2016-10-12,5100,5100,5100,5100,5100,0
2016-10-13,5100,5100,5100,5100,5100,0
2016-10-14,5100,5100,5100,5100,5100,0
2016-10-17,5100,5100,5100,5100,5100,0
2016-10-18,5100,5100,5100,5100,5100,0
2016-10-19,5100,5100,5100,5100,5100,0
2016-10-20,5100,5100,5100,5100,5100,1500
2016-10-21,5100,5100,5100,5100,5100,0
2016-10-24,5100,5100,5100,5100,5100,0
2016-10-25,5100,5100,5100,5100,5100,0
2016-10-26,5100,5100,5100,5100,5100,0
2016-10-27,5100,5100,5100,5100,5100,0
2016-10-28,5100,5100,5100,5100,5100,0
2016-10-31,5100,5100,5100,5100,5100,0
2016-11-01,5100,5100,5100,5100,5100,700
2016-11-02,5100,5100,5100,5100,5100,0
2016-11-03,5100,5100,5100,5100,5100,0
2016-11-04,5100,5100,5100,5100,5100,0
2016-11-07,5100,5100,5100,5100,5100,0
2016-11-08,5100,5100,5100,5100,5100,900
2016-11-09,5100,5100,5100,5100,5100,0
2016-11-10,5100,5100,5100,5100,5100,300
2016-11-11,5100,5100,4600,4600,4600,3000
2016-11-14,4600,4600,4600,4600,4600,0
2016-11-15,4600,4600,4600,4600,4600,0
2016-11-16,4600,4600,4600,4600,4600,0
2016-11-17,5000,5000,5000,5000,5000,1300
2016-11-18,5000,5000,5000,5000,5000,0
2016-11-21,5000,5000,5000,5000,5000,0
2016-11-22,5000,5000,5000,5000,5000,0
2016-11-23,5000,5000,5000,5000,5000,0
2016-11-24,5000,5000,5000,5000,5000,0
2016-11-25,5000,5000,5000,5000,5000,0
2016-11-28,5000,5000,5000,5000,5000,0
2016-11-29,5000,5000,5000,5000,5000,0
2016-11-30,5000,5000,5000,5000,5000,0
2016-12-01,5000,5000,5000,5000,5000,0
2016-12-02,5000,5000,5000,5000,5000,400
2016-12-05,5000,5000,5000,5000,5000,0
2016-12-06,5000,5000,5000,5000,5000,0
2016-12-07,5000,5000,5000,5000,5000,0
2016-12-08,5000,5000,5000,5000,5000,0
2016-12-09,5000,5000,5000,5000,5000,0
2016-12-12,5000,5000,5000,5000,5000,0
2016-12-13,5000,5000,5000,5000,5000,300
2016-12-14,5000,5000,5000,5000,5000,0
2016-12-15,5000,5000,5000,5000,5000,0
2016-12-16,5000,5000,5000,5000,5000,100
2016-12-19,5000,5000,5000,5000,5000,0
2016-12-20,5000,5000,5000,5000,5000,0
2016-12-21,5000,5000,5000,5000,5000,0
2016-12-22,5000,5000,5000,5000,5000,0
2016-12-23,5000,5000,5000,5000,5000,0
2016-12-26,5000,5000,5000,5000,5000,0
2016-12-27,5000,5000,5000,5000,5000,0
2016-12-28,5000,5000,5000,5000,5000,0
2016-12-29,5000,5000,5000,5000,5000,0
2016-12-30,5000,5000,5000,5000,5000,0
2017-01-03,5000,5000,5000,5000,5000,0
2017-01-04,5000,5000,5000,5000,5000,0
2017-01-05,5000,5000,5000,5000,5000,0
2017-01-06,5000,5000,5000,5000,5000,0
2017-01-09,5000,5000,5000,5000,5000,0
2017-01-10,5000,5000,5000,5000,5000,0
2017-01-11,5000,5000,5000,5000,5000,600
2017-01-12,5000,5000,5000,5000,5000,0
2017-01-13,5000,5000,5000,5000,5000,0
2017-01-16,5000,5000,5000,5000,5000,0
2017-01-17,5000,5000,5000,5000,5000,0
2017-01-18,5000,5000,5000,5000,5000,0
2017-01-19,5000,5000,5000,5000,5000,0
2017-01-20,5000,5000,5000,5000,5000,0
2017-01-23,5000,5000,5000,5000,5000,0
2017-01-24,5000,5000,5000,5000,5000,0
2017-01-25,5000,5000,5000,5000,5000,0
2017-02-02,5000,5000,5000,5000,5000,0
2017-02-03,5000,5000,5000,5000,5000,0
2017-02-06,5000,5000,5000,5000,5000,0
2017-02-07,5000,5000,5000,5000,5000,0
2017-02-08,5000,5000,5000,5000,5000,200
2017-02-09,5000,5000,5000,5000,5000,0
2017-02-10,5000,5000,5000,5000,5000,0
2017-02-13,5000,5000,5000,5000,5000,0
2017-02-14,5000,5000,5000,5000,5000,0
2017-02-15,5000,5000,5000,5000,5000,0
2017-02-16,5000,5000,5000,5000,5000,0
2017-02-17,5100,5100,5100,5100,5100,200
2017-02-20,5200,5300,5000,5000,5000,500
2017-02-21,5200,5300,5200,5300,5300,500
2017-02-22,5500,5600,5500,5600,5600,500
2017-02-23,5600,5600,5600,5600,5600,0
2017-02-24,5600,5600,5600,5600,5600,0
2017-02-27,5200,5200,5200,5200,5200,1000
2017-02-28,5000,5000,5000,5000,5000,1310
2017-03-01,5000,5000,5000,5000,5000,110
2017-03-02,5000,5000,5000,5000,5000,0
2017-03-03,5000,5000,5000,5000,5000,1000
2017-03-06,5000,5000,5000,5000,5000,410
2017-03-07,5000,5000,5000,5000,5000,0
2017-03-08,5200,5200,5200,5200,5200,100
2017-03-09,5200,5200,5200,5200,5200,0
2017-03-10,5000,5000,5000,5000,5000,1600
2017-03-13,5000,5000,5000,5000,5000,15
2017-03-14,5000,5000,5000,5000,5000,0
2017-03-15,5000,5000,5000,5000,5000,0
2017-03-16,5000,5000,5000,5000,5000,0
2017-03-17,5200,5200,5200,5200,5200,100
2017-03-20,5200,5200,5200,5200,5200,100
2017-03-21,5200,5200,5200,5200,5200,0
2017-03-22,5200,5200,5200,5200,5200,0
2017-03-23,5200,5200,5200,5200,5200,0
2017-03-24,5200,5200,5200,5200,5200,0
2017-03-27,5200,5200,5200,5200,5200,1000
2017-03-28,5200,5200,5200,5200,5200,0
2017-03-29,5200,5200,5200,5200,5200,0
2017-03-30,5000,5000,5000,5000,5000,1500
2017-03-31,5000,5000,5000,5000,5000,0
2017-04-03,5000,5000,5000,5000,5000,0
2017-04-04,5000,5000,5000,5000,5000,0
2017-04-05,5000,5000,5000,5000,5000,0
2017-04-07,5000,5000,5000,5000,5000,0
2017-04-10,5000,5000,5000,5000,5000,0
2017-04-11,5000,5000,5000,5000,5000,0
2017-04-12,5000,5000,5000,5000,5000,0
2017-04-13,5000,5000,5000,5000,5000,2000
2017-04-14,5000,5000,5000,5000,5000,0
2017-04-17,5000,5000,5000,5000,5000,0
2017-04-18,5000,5000,5000,5000,5000,0
2017-04-19,5000,5000,5000,5000,5000,0
2017-04-20,5000,5000,5000,5000,5000,0
2017-04-21,5000,5000,5000,5000,5000,1900
2017-04-24,5000,5000,5000,5000,5000,0
2017-04-25,5000,5000,5000,5000,5000,0
2017-04-26,5000,5000,5000,5000,5000,0
2017-04-27,5000,5000,5000,5000,5000,0
2017-04-28,5000,5000,5000,5000,5000,0
2017-05-03,5000,5000,5000,5000,5000,300
2017-05-04,5100,5100,5100,5100,5100,3000
2017-05-05,5100,5100,5100,5100,5100,0
2017-05-08,5500,5600,5500,5600,5600,1500
2017-05-09,6000,6100,6000,6100,6100,1400
2017-05-10,6700,6700,6700,6700,6700,300
2017-05-11,6700,6700,6700,6700,6700,0
2017-05-12,6100,6100,6100,6100,6100,500
2017-05-15,6100,6100,6100,6100,6100,0
2017-05-16,6100,6100,6100,6100,6100,800
2017-05-17,6100,6100,6100,6100,6100,1400
2017-05-18,6100,6100,6100,6100,6100,0
2017-05-19,6100,6100,6100,6100,6100,0
2017-05-22,6100,6100,6100,6100,6100,0
2017-05-23,6100,6100,6100,6100,6100,0
2017-05-24,6100,6100,6100,6100,6100,0
2017-05-25,6100,6100,6100,6100,6100,0
2017-05-26,6100,6100,6100,6100,6100,0
2017-05-29,6100,6100,6100,6100,6100,0
2017-05-30,6100,6100,6100,6100,6100,0
2017-05-31,6100,6100,6100,6100,6100,0
2017-06-01,6100,6100,6100,6100,6100,0
2017-06-02,6100,6100,6100,6100,6100,0
2017-06-05,6100,6100,6100,6100,6100,0
2017-06-06,6100,6100,6100,6100,6100,0
2017-06-07,6100,6100,6100,6100,6100,0
2017-06-08,6100,6100,6100,6100,6100,0
2017-06-09,6100,6100,6100,6100,6100,0
2017-06-12,6100,6100,6100,6100,6100,0
2017-06-13,6100,6100,6100,6100,6100,0
2017-06-14,5600,5600,5600,5600,5600,110
2017-06-15,5600,5600,5600,5600,5600,0
2017-06-16,5600,5600,5600,5600,5600,0
2017-06-19,5600,5600,5600,5600,5600,0
2017-06-20,5700,5700,5500,5500,5500,300
2017-06-21,5500,5500,5500,5500,5500,0
2017-06-22,5500,5500,5500,5500,5500,0
2017-06-23,5500,5500,5500,5500,5500,0
2017-06-26,5500,5500,5500,5500,5500,0
2017-06-27,5500,5500,5500,5500,5500,0
2017-06-28,5500,5500,5500,5500,5500,0
2017-06-29,5500,5500,5500,5500,5500,0
2017-06-30,5500,5500,5500,5500,5500,0
2017-07-03,5500,5500,5500,5500,5500,0
2017-07-04,5500,5500,5500,5500,5500,0
2017-07-05,5500,5500,5500,5500,5500,0
2017-07-06,5500,5500,5500,5500,5500,0
2017-07-07,5500,5500,5500,5500,5500,0
2017-07-10,5500,5500,5500,5500,5500,0
2017-07-11,5500,5500,5500,5500,5500,0
2017-07-12,5500,5500,5500,5500,5500,0
2017-07-13,5500,5500,5500,5500,5500,10
2017-07-14,6000,6000,6000,6000,6000,850
2017-07-17,6600,6600,6600,6600,6600,1400
2017-07-18,7200,7200,7200,7200,7200,1245
2017-07-19,7900,7900,7900,7900,7900,435
2017-07-20,8600,8600,8600,8600,8600,2500
2017-07-21,9400,9400,9400,9400,9400,600
2017-07-24,10300,10300,10300,10300,10300,2975
2017-07-25,11300,11300,11100,11200,11200,3320
2017-07-26,11700,12300,11700,12300,12300,1625
2017-07-27,13200,13200,12300,12300,12300,200
2017-07-28,12300,12300,11100,11100,11100,300
2017-07-31,11100,11100,11100,11100,11100,0
2017-08-01,11100,11100,11100,11100,11100,20
2017-08-02,11100,11100,11100,11100,11100,10
2017-08-03,10000,10000,10000,10000,10000,1060
2017-08-04,9000,9000,9000,9000,9000,290
2017-08-07,9000,9000,8100,8100,8100,1200
2017-08-08,7300,7300,7300,7300,7300,710
2017-08-09,7300,7300,7300,7300,7300,0
2017-08-10,6700,8000,6700,8000,8000,2610
2017-08-11,7200,8700,7200,8700,8700,280
2017-08-14,8700,8700,8700,8700,8700,0
2017-08-15,9000,9000,9000,9000,9000,100
2017-08-16,9000,9000,9000,9000,9000,0
2017-08-17,9000,9000,9000,9000,9000,50
2017-08-18,9000,9000,9000,9000,9000,10
2017-08-21,8100,8100,8100,8100,8100,100
2017-08-22,8100,8100,8100,8100,8100,0
2017-08-23,8100,8100,8100,8100,8100,0
2017-08-24,8900,8900,8000,8000,8000,1100
2017-08-25,7200,7200,7200,7200,7200,200
2017-08-28,7200,7200,7200,7200,7200,0
2017-08-29,6500,6500,6500,6500,6500,310
2017-08-30,7100,7100,7100,7100,7100,100
2017-08-31,7100,7100,7100,7100,7100,0
2017-09-01,7100,7100,7100,7100,7100,0
2017-09-05,7500,7500,7500,7500,7500,100
2017-09-06,7700,7700,7700,7700,7700,100
2017-09-07,7000,7000,7000,7000,7000,140
2017-09-08,6300,6300,6300,6300,6300,3800
2017-09-11,6300,6300,6300,6300,6300,70
2017-09-12,6300,6300,6300,6300,6300,30
2017-09-13,6800,6800,5800,5800,5800,200
2017-09-14,5800,5800,5800,5800,5800,0
2017-09-15,5800,5800,5800,5800,5800,0
2017-09-18,6000,6000,6000,6000,6000,100
2017-09-19,6000,6000,6000,6000,6000,0
2017-09-20,6000,6000,6000,6000,6000,100
2017-09-21,6000,6000,6000,6000,6000,0
2017-09-22,6600,6600,6600,6600,6600,100
2017-09-25,6600,6600,6600,6600,6600,3010
2017-09-26,6600,6600,6600,6600,6600,0
2017-09-27,6600,6600,6600,6600,6600,100
2017-09-28,6600,6600,6600,6600,6600,200
2017-09-29,6600,6600,6600,6600,6600,60
2017-10-02,6200,6200,6200,6200,6200,300
2017-10-03,6200,6200,6200,6200,6200,0
2017-10-04,6200,6200,6200,6200,6200,0
2017-10-05,6200,6200,6200,6200,6200,0
2017-10-06,5800,5800,5800,5800,5800,400
2017-10-09,5800,5800,5800,5800,5800,0
2017-10-10,5800,5800,5800,5800,5800,0
2017-10-11,5800,5800,5800,5800,5800,0
2017-10-12,5800,5800,5800,5800,5800,0
2017-10-13,5800,5800,5800,5800,5800,0
2017-10-16,5800,5800,5800,5800,5800,0
2017-10-17,5800,5800,5800,5800,5800,0
2017-10-18,6300,6300,6300,6300,6300,200
2017-10-19,6900,6900,6900,6900,6900,100
2017-10-20,6900,6900,6900,6900,6900,0
2017-10-23,6900,6900,6900,6900,6900,10
2017-10-24,6900,6900,6900,6900,6900,0
2017-10-25,6900,6900,6900,6900,6900,0
2017-10-26,6900,6900,6900,6900,6900,0
2017-10-27,6900,6900,6900,6900,6900,0
2017-10-30,6900,6900,6900,6900,6900,0
2017-10-31,6900,6900,6900,6900,6900,0
2017-11-01,6900,6900,6900,6900,6900,60
2017-11-02,6900,6900,6900,6900,6900,0
2017-11-03,6900,6900,6900,6900,6900,30
2017-11-06,6900,6900,6900,6900,6900,0
2017-11-07,6900,6900,6900,6900,6900,0
2017-11-08,6900,6900,6900,6900,6900,0
2017-11-09,6900,6900,6900,6900,6900,0
2017-11-10,6900,6900,6900,6900,6900,0
2017-11-13,6900,6900,6900,6900,6900,0
2017-11-14,6900,6900,6900,6900,6900,0
2017-11-15,6900,6900,6900,6900,6900,0
2017-11-16,6900,6900,6900,6900,6900,0
2017-11-17,6900,6900,6900,6900,6900,0
2017-11-20,6900,6900,6900,6900,6900,0
2017-11-21,6900,6900,6900,6900,6900,0
2017-11-22,6900,6900,6900,6900,6900,0
2017-11-23,6300,6300,6300,6300,6300,640
2017-11-24,6300,6300,6300,6300,6300,550
2017-11-27,6800,6800,6800,6800,6800,825
2017-11-28,6800,6800,6800,6800,6800,15
2017-11-29,6800,6800,6800,6800,6800,0
2017-11-30,6800,6800,6800,6800,6800,0
2017-12-01,6800,6800,6800,6800,6800,0
2017-12-04,6800,6800,6800,6800,6800,1200
2017-12-05,6800,6800,6800,6800,6800,0
2017-12-06,6800,6800,6200,6200,6200,950
2017-12-07,6200,6200,6200,6200,6200,500
2017-12-08,5600,5600,5600,5600,5600,100
2017-12-11,5600,5700,5600,5700,5700,810
2017-12-12,5700,5700,5700,5700,5700,0
2017-12-13,5700,5700,5700,5700,5700,0
2017-12-14,5700,5700,5700,5700,5700,0
2017-12-15,5700,5700,5700,5700,5700,0
2017-12-18,5700,5700,5700,5700,5700,0
2017-12-19,5700,5700,5700,5700,5700,0
2017-12-20,6200,6200,6200,6200,6200,100
2017-12-21,6200,6200,6200,6200,6200,15
2017-12-22,6200,6200,6200,6200,6200,0
2017-12-25,6200,6200,6200,6200,6200,0
2017-12-26,6800,6800,6800,6800,6800,1100
2017-12-27,7400,7400,7400,7400,7400,500
2017-12-28,7400,7400,7400,7400,7400,65
2017-12-29,7400,7400,7400,7400,7400,0
2018-01-02,7400,7400,7400,7400,7400,0
2018-01-03,7400,7400,7400,7400,7400,0
2018-01-04,7400,7400,7400,7400,7400,0
2018-01-05,7400,7400,7400,7400,7400,0
2018-01-08,7400,7400,7400,7400,7400,0
2018-01-09,7400,7400,7400,7400,7400,0
2018-01-10,7400,7400,7400,7400,7400,0
2018-01-11,7400,7400,7400,7400,7400,0
2018-01-12,6700,6700,6700,6700,6700,100
2018-01-15,6700,6700,6700,6700,6700,0
2018-01-16,6100,6100,6100,6100,6100,1200
2018-01-17,5500,5500,5500,5500,5500,500
2018-01-18,5500,5600,5500,5600,5600,1480
2018-01-19,5500,5500,5500,5500,5500,1000
2018-01-22,5700,5700,5700,5700,5700,1200
2018-01-23,5700,5700,5700,5700,5700,0
2018-01-24,5700,5700,5700,5700,5700,0
2018-01-25,5700,5700,5700,5700,5700,100
2018-01-26,5600,5600,5600,5600,5600,500
2018-01-29,5600,5600,5600,5600,5600,900
2018-01-30,5700,5700,5700,5700,5700,700
2018-01-31,5700,5700,5700,5700,5700,300
2018-02-01,5700,5700,5300,5700,5700,2900
2018-02-02,5700,5700,5700,5700,5700,0
2018-02-05,5700,5700,5700,5700,5700,0
2018-02-06,5300,5300,5300,5300,5300,2700
2018-02-07,5300,5300,5300,5300,5300,1000
2018-02-08,5300,5300,5300,5300,5300,0
2018-02-09,5300,5300,5300,5300,5300,0
2018-02-12,5300,5300,5300,5300,5300,0
2018-02-13,5300,5300,5300,5300,5300,0
2018-02-21,5300,5300,5300,5300,5300,0
2018-02-22,5300,5300,5300,5300,5300,0
2018-02-23,5300,5300,5300,5300,5300,0
2018-02-26,5500,5500,5500,5500,5500,700
2018-02-27,5500,5500,5500,5500,5500,0
2018-02-28,5600,5600,5600,5600,5600,200
2018-03-01,5600,5600,5600,5600,5600,0
2018-03-02,5600,5600,5600,5600,5600,0
2018-03-05,5600,5600,5600,5600,5600,0
2018-03-06,5600,5600,5600,5600,5600,0
2018-03-07,5600,5600,5600,5600,5600,0
2018-03-08,5600,5600,5600,5600,5600,0
2018-03-09,5600,5600,5600,5600,5600,0
2018-03-12,5600,5600,5600,5600,5600,0
2018-03-13,5600,5600,5600,5600,5600,0
2018-03-14,5600,5600,5600,5600,5600,0
2018-03-15,5600,5600,5600,5600,5600,0
2018-03-16,5600,5600,5600,5600,5600,2400
2018-03-19,5600,5600,5600,5600,5600,0
2018-03-20,5600,5600,5600,5600,5600,1000
2018-03-21,5600,5600,5600,5600,5600,3100
2018-03-22,5600,5600,5600,5600,5600,1000
2018-03-23,5600,5600,5600,5600,5600,0
2018-03-26,5600,5600,5600,5600,5600,0
2018-03-27,5600,5600,5600,5600,5600,0
2018-03-28,5600,5600,5600,5600,5600,0
2018-03-29,5600,5600,5600,5600,5600,0
2018-03-30,5600,5600,5600,5600,5600,0
2018-04-02,5600,5600,5600,5600,5600,0
2018-04-03,5600,5600,5600,5600,5600,0
2018-04-04,5600,5600,5600,5600,5600,0
2018-04-05,5600,5600,5600,5600,5600,0
2018-04-06,5600,5600,5600,5600,5600,0
2018-04-09,5600,5600,5600,5600,5600,0
2018-04-10,5600,5600,5600,5600,5600,0
2018-04-11,5600,5600,5600,5600,5600,0
2018-04-12,5600,5600,5600,5600,5600,200
2018-04-13,5600,5600,5600,5600,5600,8200
2018-04-16,5600,5600,5600,5600,5600,300
2018-04-17,5600,5600,5600,5600,5600,0
2018-04-18,5600,5600,5600,5600,5600,0
2018-04-19,5600,5600,5600,5600,5600,0
2018-04-20,5600,5600,5600,5600,5600,700
2018-04-23,5600,5600,5600,5600,5600,0
2018-04-24,5600,5600,5600,5600,5600,0
2018-04-26,5600,5600,5600,5600,5600,0
2018-04-27,5600,5600,5600,5600,5600,0
2018-05-02,5600,5600,5600,5600,5600,0
2018-05-03,5600,5600,5600,5600,5600,0
2018-05-04,5600,5600,5600,5600,5600,0
2018-05-07,5600,5600,5600,5600,5600,0
2018-05-08,5600,5600,5600,5600,5600,0
2018-05-09,5600,5600,5600,5600,5600,0
2018-05-10,5600,5600,5600,5600,5600,0
2018-05-11,5600,5600,5600,5600,5600,0
2018-05-14,5600,5600,5600,5600,5600,0
2018-05-15,5600,5600,5600,5600,5600,0
2018-05-16,5600,5600,5600,5600,5600,0
2018-05-17,5600,5600,5600,5600,5600,0
2018-05-18,5600,5600,5600,5600,5600,0
2018-05-21,5600,5600,5600,5600,5600,1700
2018-05-22,5600,5600,5600,5600,5600,0
2018-05-23,5600,5600,5600,5600,5600,0
2018-05-24,5600,5600,5600,5600,5600,0
2018-05-25,5600,5600,5600,5600,5600,50
2018-05-28,5600,5600,5600,5600,5600,0
2018-05-29,5600,5600,5600,5600,5600,0
2018-05-30,5600,5600,5600,5600,5600,0
2018-05-31,5100,5100,5100,5100,5100,100
2018-06-01,5100,5100,5100,5100,5100,0
2018-06-04,5500,5500,5500,5500,5500,500
2018-06-05,5500,5500,5500,5500,5500,0
2018-06-06,5500,5500,5500,5500,5500,0
2018-06-07,5500,5500,5500,5500,5500,0
2018-06-08,5500,5500,5500,5500,5500,0
2018-06-11,5500,5500,5500,5500,5500,0
2018-06-12,5500,5500,5500,5500,5500,0
2018-06-13,5500,5500,5500,5500,5500,0
2018-06-14,5500,5500,5500,5500,5500,50
2018-06-15,5500,5500,5500,5500,5500,0
2018-06-18,5500,5500,5500,5500,5500,0
2018-06-19,5500,5500,5500,5500,5500,0
2018-06-20,5500,5500,5500,5500,5500,0
2018-06-21,5500,5500,5500,5500,5500,0
2018-06-22,5500,5500,5500,5500,5500,0
2018-06-25,5500,5500,5500,5500,5500,0
2018-06-26,5500,5500,5500,5500,5500,0
2018-06-27,5500,5500,5500,5500,5500,0
2018-06-28,5500,5500,5500,5500,5500,0
2018-06-29,5500,5500,5500,5500,5500,0
2018-07-02,5500,5500,5500,5500,5500,0
2018-07-03,5500,5500,5500,5500,5500,0
2018-07-04,5500,5500,5500,5500,5500,0
2018-07-05,5500,5500,5500,5500,5500,0
2018-07-06,5500,5500,5500,5500,5500,0
2018-07-09,5500,5500,5500,5500,5500,0
2018-07-10,5500,5500,5500,5500,5500,0
2018-07-11,5500,5500,5500,5500,5500,0
2018-07-12,5500,5500,5500,5500,5500,0
2018-07-13,5500,5500,5500,5500,5500,0
2018-07-16,5500,5500,5500,5500,5500,0
2018-07-17,5500,5500,5500,5500,5500,0
2018-07-18,5100,5100,5100,5100,5100,1000
2018-07-19,5100,5100,5100,5100,5100,0
2018-07-20,5100,5100,5100,5100,5100,0
2018-07-23,5100,5100,5100,5100,5100,0
2018-07-24,5100,5100,5100,5100,5100,0
2018-07-25,5100,5100,5100,5100,5100,0
2018-07-26,5100,5100,5100,5100,5100,0
2018-07-27,5100,5100,5100,5100,5100,0
2018-07-30,5100,5100,5100,5100,5100,0
2018-07-31,5100,5100,5100,5100,5100,0
2018-08-01,5100,5100,5100,5100,5100,0
2018-08-02,5100,5100,5100,5100,5100,0
2018-08-03,5100,5100,5100,5100,5100,0
2018-08-06,5100,5100,5100,5100,5100,0
2018-08-07,5100,5100,5100,5100,5100,0
2018-08-08,5100,5100,5100,5100,5100,0
2018-08-09,5100,5100,5100,5100,5100,0
2018-08-10,5100,5100,5100,5100,5100,0
2018-08-13,5100,5100,5100,5100,5100,0
2018-08-14,5600,5600,5600,5600,5600,100
2018-08-15,5600,5600,5600,5600,5600,0
2018-08-16,6100,6100,5200,5200,5200,200
2018-08-17,5200,5200,5200,5200,5200,0
2018-08-20,5200,5200,5200,5200,5200,0
2018-08-21,5700,5700,5700,5700,5700,100
2018-08-22,5700,5700,5700,5700,5700,0
2018-08-23,5700,5700,5700,5700,5700,0
2018-08-24,5700,5700,5700,5700,5700,0
2018-08-27,5600,5600,5600,5600,5600,1400
2018-08-28,5600,5600,5600,5600,5600,400
2018-08-29,5600,5600,5600,5600,5600,0
2018-08-30,5600,5600,5600,5600,5600,0
2018-08-31,5600,5600,5600,5600,5600,0
2018-09-04,5600,5600,5600,5600,5600,0
2018-09-05,5600,5600,5600,5600,5600,0
2018-09-06,5600,5600,5600,5600,5600,0
2018-09-07,5600,5600,5600,5600,5600,0
2018-09-10,5600,5600,5600,5600,5600,0
2018-09-11,5600,5600,5600,5600,5600,0
2018-09-12,5600,5600,5600,5600,5600,0
2018-09-13,5600,5600,5600,5600,5600,0
2018-09-14,5600,5600,5600,5600,5600,0
2018-09-17,5600,5600,5600,5600,5600,0
2018-09-18,5600,5600,5600,5600,5600,0
2018-09-19,5600,5600,5600,5600,5600,0
2018-09-20,5600,5600,5600,5600,5600,0
2018-09-21,5600,5600,5600,5600,5600,0
2018-09-24,5600,5600,5600,5600,5600,0
2018-09-25,5600,5600,5600,5600,5600,0
2018-09-26,5600,5600,5600,5600,5600,0
2018-09-27,5200,5200,5200,5200,5200,800
2018-09-28,5200,5200,5200,5200,5200,0
2018-10-01,5200,5200,5200,5200,5200,0
2018-10-02,5300,5300,5300,5300,5300,1500
2018-10-03,5300,5300,5300,5300,5300,0
2018-10-04,5300,5300,5300,5300,5300,0
2018-10-05,5300,5300,5300,5300,5300,0
2018-10-08,5300,5300,5300,5300,5300,0
2018-10-09,5300,5300,5300,5300,5300,0
2018-10-10,5300,5300,5300,5300,5300,0
2018-10-11,5300,5300,5300,5300,5300,0
2018-10-12,5300,5300,5300,5300,5300,0
2018-10-15,5300,5300,5300,5300,5300,0
2018-10-16,5300,5300,5300,5300,5300,0
2018-10-17,5300,5300,5300,5300,5300,0
2018-10-18,5300,5300,5300,5300,5300,0
2018-10-19,5300,5300,5300,5300,5300,0
2018-10-22,5300,5300,5300,5300,5300,0
2018-10-23,5300,5300,5300,5300,5300,0
2018-10-24,5300,5300,5300,5300,5300,0
2018-10-25,5300,5300,5300,5300,5300,0
2018-10-26,5300,5300,5300,5300,5300,0
2018-10-29,5300,5300,5300,5300,5300,0
2018-10-30,5300,5300,5300,5300,5300,0
2018-10-31,5300,5300,5300,5300,5300,0
2018-11-01,5300,5300,5300,5300,5300,0
2018-11-02,5300,5300,5300,5300,5300,0
2018-11-05,5300,5300,5300,5300,5300,0
2018-11-06,5300,5300,5300,5300,5300,3000
2018-11-07,5300,5300,5300,5300,5300,3500
2018-11-08,5300,5300,5300,5300,5300,0
2018-11-09,5300,5300,5300,5300,5300,2300
2018-11-12,5300,5300,5300,5300,5300,3400
2018-11-13,5300,5300,5300,5300,5300,1600
2018-11-14,5300,5300,5300,5300,5300,3150
2018-11-15,5300,5300,5300,5300,5300,0
2018-11-16,5300,5300,5300,5300,5300,0
2018-11-19,5300,5300,5300,5300,5300,0
2018-11-20,5300,5300,5300,5300,5300,0
2018-11-21,5300,5300,5300,5300,5300,0
2018-11-22,5300,5300,5300,5300,5300,1000
2018-11-23,5300,5300,5300,5300,5300,0
2018-11-26,5400,5400,5400,5400,5400,1500
2018-11-27,5400,5400,5400,5400,5400,0
2018-11-28,5400,5400,5400,5400,5400,0
2018-11-29,5400,5400,5400,5400,5400,0
2018-11-30,5400,5400,5400,5400,5400,0
2018-12-03,5400,5400,5400,5400,5400,0
2018-12-04,5400,5400,5400,5400,5400,0
2018-12-05,5400,5400,5400,5400,5400,0
2018-12-06,5400,5400,5400,5400,5400,0
2018-12-07,5400,5400,5400,5400,5400,0
2018-12-10,5400,5400,5400,5400,5400,0
2018-12-11,5400,5400,5400,5400,5400,0
2018-12-12,5400,5400,5400,5400,5400,0
2018-12-13,5400,5400,5400,5400,5400,0
2018-12-14,5400,5400,5400,5400,5400,0
2018-12-17,5400,5400,5400,5400,5400,0
2018-12-18,5400,5400,5400,5400,5400,0
2018-12-19,5400,5400,5400,5400,5400,0
2018-12-20,5400,5400,5400,5400,5400,0
2018-12-21,5400,5400,5400,5400,5400,0
2018-12-24,5400,5400,5400,5400,5400,0
2018-12-25,5400,5400,5400,5400,5400,0
2018-12-26,5400,5400,5400,5400,5400,0
2018-12-27,4900,5300,4900,5300,5300,1150
2018-12-28,5800,5800,5800,5800,5800,100
2019-01-02,5800,5800,5800,5800,5800,0
2019-01-03,5300,5300,5300,5300,5300,2600
2019-01-04,5300,5300,5300,5300,5300,0
2019-01-07,5300,5300,5300,5300,5300,0
2019-01-08,5300,5300,5300,5300,5300,0
2019-01-09,5300,5300,5300,5300,5300,0
2019-01-10,5300,5300,5300,5300,5300,0
2019-01-11,5300,5300,5300,5300,5300,0
2019-01-14,5300,5300,5300,5300,5300,0
2019-01-15,5300,5300,5300,5300,5300,0
2019-01-16,5300,5300,5300,5300,5300,0
2019-01-17,5300,5300,5300,5300,5300,0
2019-01-18,5300,5300,5300,5300,5300,0
2019-01-21,5300,5300,5300,5300,5300,0
2019-01-22,5300,5300,5300,5300,5300,0
2019-01-23,5300,5300,5300,5300,5300,0
2019-01-24,5300,5300,5300,5300,5300,0
2019-01-25,5300,5300,5300,5300,5300,0
2019-01-28,5300,5300,5300,5300,5300,0
2019-01-29,5300,5300,5300,5300,5300,0
2019-01-30,5300,5300,5300,5300,5300,0
2019-01-31,5300,5300,5300,5300,5300,0
2019-02-01,5300,5300,5300,5300,5300,0
2019-02-11,5300,5300,5300,5300,5300,0
2019-02-12,5300,5300,5300,5300,5300,0
2019-02-13,5300,5300,5300,5300,5300,0
2019-02-14,5300,5300,5300,5300,5300,0
2019-02-15,5300,5300,5300,5300,5300,0
2019-02-18,5300,5300,5300,5300,5300,0
2019-02-19,5300,5300,5300,5300,5300,0
2019-02-20,5300,5300,5300,5300,5300,0
2019-02-21,5300,5300,5300,5300,5300,0
2019-02-22,5300,5300,5300,5300,5300,0
2019-02-25,5300,5300,5300,5300,5300,0
2019-02-26,5300,5300,5300,5300,5300,0
2019-02-27,5300,5300,5300,5300,5300,0
2019-02-28,4800,4800,4800,4800,4800,100
2019-03-01,4500,4500,4500,4500,4500,100
2019-03-04,4500,4500,4500,4500,4500,0
2019-03-05,4500,4500,4500,4500,4500,0
2019-03-06,4500,4500,4500,4500,4500,0
2019-03-07,4500,4500,4500,4500,4500,0
2019-03-08,4500,4500,4500,4500,4500,0
2019-03-11,4500,4500,4500,4500,4500,0
2019-03-12,4500,4500,4500,4500,4500,0
2019-03-13,4500,4500,4500,4500,4500,0
2019-03-14,4500,4500,4500,4500,4500,0
2019-03-15,4500,4500,4500,4500,4500,0
2019-03-18,4500,4500,4500,4500,4500,0
2019-03-19,4500,4500,4500,4500,4500,0
2019-03-20,4500,4500,4500,4500,4500,0
2019-03-21,4500,4500,4500,4500,4500,0
2019-03-22,4500,4500,4500,4500,4500,0
2019-03-25,4500,4500,4500,4500,4500,0
2019-03-26,4500,4500,4500,4500,4500,0
2019-03-27,4500,4500,4500,4500,4500,0
2019-03-28,4500,4500,4500,4500,4500,0
2019-03-29,4500,4500,4500,4500,4500,0
2019-04-01,4500,4500,4500,4500,4500,0
2019-04-02,4500,4500,4500,4500,4500,0
2019-04-03,4500,4500,4500,4500,4500,0
2019-04-04,4500,4500,4500,4500,4500,0
2019-04-05,4500,4500,4500,4500,4500,0
2019-04-08,4500,4500,4500,4500,4500,0
2019-04-09,4500,4500,4500,4500,4500,0
2019-04-10,4100,4100,4100,4100,4100,100
2019-04-11,3900,3900,3900,3900,3900,100
2019-04-12,3900,3900,3900,3900,3900,0
2019-04-16,3600,3600,3600,3600,3600,100
2019-04-17,3600,3600,3600,3600,3600,0
2019-04-18,3400,3400,3400,3400,3400,100
2019-04-19,3400,3400,3400,3400,3400,0
2019-04-22,3400,3400,3400,3400,3400,0
2019-04-23,3400,3400,3400,3400,3400,0
2019-04-24,3400,3400,3400,3400,3400,0
2019-04-25,3400,3400,3400,3400,3400,0
2019-04-26,3400,3400,3400,3400,3400,0
2019-05-02,3400,3400,3400,3400,3400,0
2019-05-03,3400,3400,3400,3400,3400,0
2019-05-06,3400,3400,3400,3400,3400,0
2019-05-07,3400,3400,3400,3400,3400,0
2019-05-08,3400,3400,3400,3400,3400,0
2019-05-09,3400,3400,3400,3400,3400,0
2019-05-10,3400,3400,3400,3400,3400,0
2019-05-13,3400,3400,3400,3400,3400,0
2019-05-14,3400,3400,3400,3400,3400,0
2019-05-15,3400,3400,3400,3400,3400,0
2019-05-16,3400,3400,3400,3400,3400,0
2019-05-17,3200,3200,3200,3200,3200,500
2019-05-20,3200,3200,3200,3200,3200,0
2019-05-21,3200,3200,3200,3200,3200,0
2019-05-22,3200,3200,3200,3200,3200,0
2019-05-23,3200,3200,3200,3200,3200,0
2019-05-24,3200,3200,3200,3200,3200,0
2019-05-27,3200,3200,3200,3200,3200,0
2019-05-28,3200,3200,3200,3200,3200,0
2019-05-29,3200,3200,3200,3200,3200,0
2019-05-30,3200,3200,3200,3200,3200,0
2019-05-31,3200,3200,3200,3200,3200,0
2019-06-03,3200,3200,3200,3200,3200,0
2019-06-04,3200,3200,3200,3200,3200,0
2019-06-05,3500,3500,3500,3500,3500,500
2019-06-06,3500,3500,3500,3500,3500,0
2019-06-07,3800,3800,3800,3800,3800,100
2019-06-10,3800,3800,3800,3800,3800,0
2019-06-11,3800,3800,3800,3800,3800,0
2019-06-12,4100,4100,4100,4100,4100,100
2019-06-13,4100,4100,4100,4100,4100,0
2019-06-14,4100,4100,4100,4100,4100,0
2019-06-17,4100,4100,4100,4100,4100,0
2019-06-18,4100,4100,4100,4100,4100,0
2019-06-19,4100,4100,4100,4100,4100,0
2019-06-20,4100,4100,4100,4100,4100,0
2019-06-21,4100,4100,4100,4100,4100,0
2019-06-24,4100,4100,4100,4100,4100,0
2019-06-25,4100,4100,4100,4100,4100,0
2019-06-26,4100,4100,4100,4100,4100,0
2019-06-27,4100,4100,4100,4100,4100,0
2019-06-28,3700,3700,3700,3700,3700,100
2019-07-01,3700,3700,3700,3700,3700,0
2019-07-02,3700,3700,3700,3700,3700,0
2019-07-03,3700,3700,3700,3700,3700,0
2019-07-04,3700,3700,3700,3700,3700,10
2019-07-05,3700,3700,3700,3700,3700,0
2019-07-08,3700,3700,3700,3700,3700,0
2019-07-09,3700,3700,3700,3700,3700,0
2019-07-10,3700,3700,3700,3700,3700,0
2019-07-11,3700,3700,3700,3700,3700,0
2019-07-12,3700,3700,3700,3700,3700,0
2019-07-15,3700,3700,3700,3700,3700,0
2019-07-16,3700,3700,3700,3700,3700,0
2019-07-17,3700,3700,3700,3700,3700,0
2019-07-18,3700,3700,3700,3700,3700,0
2019-07-19,3700,3700,3700,3700,3700,0
2019-07-22,4000,4000,4000,4000,4000,100
2019-07-23,4000,4000,4000,4000,4000,25
2019-07-24,4000,4000,4000,4000,4000,0
2019-07-25,4000,4000,4000,4000,4000,0
2019-07-26,4000,4000,4000,4000,4000,0
2019-07-29,4000,4000,4000,4000,4000,0
2019-07-30,4000,4000,4000,4000,4000,0
2019-07-31,4000,4000,4000,4000,4000,0
2019-08-01,3700,3700,3700,3700,3700,400
2019-08-02,3700,3700,3700,3700,3700,0
2019-08-05,3700,3700,3700,3700,3700,0
2019-08-06,3700,3700,3700,3700,3700,3000
2019-08-07,4000,4000,4000,4000,4000,100
2019-08-08,4400,4400,4400,4400,4400,300
2019-08-09,4800,4800,4400,4400,4400,1900
2019-08-12,4800,4800,4800,4800,4800,1300
2019-08-13,5000,5000,5000,5000,5000,100
2019-08-14,5500,5500,5500,5500,5500,100
2019-08-15,6000,6000,6000,6000,6000,100
2019-08-16,6600,6600,6600,6600,6600,1925
2019-08-19,7200,7200,7200,7200,7200,1300
2019-08-20,7900,7900,7900,7900,7900,300
2019-08-21,8600,8600,8600,8600,8600,200
2019-08-22,9400,9400,9400,9400,9400,200
2019-08-23,10300,10300,10300,10300,10300,400
2019-08-26,10300,10300,9300,9300,9300,1400
2019-08-27,9300,9300,9300,9300,9300,0
2019-08-28,9300,9300,9300,9300,9300,24
2019-08-29,9300,9300,9300,9300,9300,0
2019-08-30,9300,9300,9300,9300,9300,0
2019-09-03,9300,9300,9300,9300,9300,0
2019-09-04,9300,9300,9300,9300,9300,0
2019-09-05,9300,9300,9300,9300,9300,0
2019-09-06,9300,9300,9300,9300,9300,0
2019-09-09,9300,9300,9300,9300,9300,0
2019-09-10,9300,9300,9300,9300,9300,0
2019-09-11,9300,9300,9300,9300,9300,0
2019-09-12,9300,9300,9300,9300,9300,0
2019-09-13,9300,9300,9300,9300,9300,0
2019-09-16,9300,9300,9300,9300,9300,0
2019-09-17,9300,9300,9300,9300,9300,0
2019-09-18,9300,9300,9300,9300,9300,0
2019-09-19,8500,8500,8500,8500,8500,500
2019-09-20,9000,9000,9000,9000,9000,100
2019-09-23,9000,9000,9000,9000,9000,0
2019-09-24,9000,9000,9000,9000,9000,0
2019-09-25,9000,9000,9000,9000,9000,0
2019-09-26,9000,9000,9000,9000,9000,0
2019-09-27,9000,9000,9000,9000,9000,0
2019-09-30,9000,9000,9000,9000,9000,0
2019-10-01,9000,9000,9000,9000,9000,0
2019-10-02,9000,9000,9000,9000,9000,0
2019-10-03,9000,9000,9000,9000,9000,0
2019-10-04,9000,9000,9000,9000,9000,0
2019-10-07,9000,9000,9000,9000,9000,0
2019-10-08,9000,9000,9000,9000,9000,0
2019-10-09,9000,9000,9000,9000,9000,0
2019-10-10,9000,9000,9000,9000,9000,0
2019-10-11,9000,9000,9000,9000,9000,0
2019-10-14,9000,9000,9000,9000,9000,0
2019-10-15,9000,9000,9000,9000,9000,0
2019-10-16,9000,9000,9000,9000,9000,0
2019-10-17,9000,9000,9000,9000,9000,0
2019-10-18,9000,9000,9000,9000,9000,0
2019-10-21,9000,9000,9000,9000,9000,0
2019-10-22,9000,9000,9000,9000,9000,0
2019-10-23,9000,9000,9000,9000,9000,0
2019-10-24,9000,9000,9000,9000,9000,0
2019-10-25,9000,9000,9000,9000,9000,0
2019-10-28,9000,9000,9000,9000,9000,0
2019-10-29,9000,9000,9000,9000,9000,0
2019-10-30,9000,9000,9000,9000,9000,0
2019-10-31,9000,9000,9000,9000,9000,30
2019-11-01,9000,9000,9000,9000,9000,0
2019-11-04,9000,9000,9000,9000,9000,0
2019-11-05,9000,9000,9000,9000,9000,0
2019-11-06,9000,9000,9000,9000,9000,0
2019-11-07,9000,9000,9000,9000,9000,0
2019-11-08,9000,9000,9000,9000,9000,0
2019-11-11,9000,9000,9000,9000,9000,0
2019-11-12,9000,9000,9000,9000,9000,0
2019-11-13,9800,9800,9800,9800,9800,100
2019-11-14,10700,10700,9000,9000,9000,1300
2019-11-15,9000,9000,9000,9000,9000,0
2019-11-18,9000,9000,9000,9000,9000,0
2019-11-19,9000,9000,9000,9000,9000,0
2019-11-20,9000,9000,9000,9000,9000,0
2019-11-21,9000,9000,9000,9000,9000,0
2019-11-22,9000,9000,9000,9000,9000,0
2019-11-25,9000,9000,9000,9000,9000,0
2019-11-26,9000,9000,9000,9000,9000,1700
2019-11-27,9000,9000,9000,9000,9000,0
2019-11-28,9000,9000,9000,9000,9000,0
2019-11-29,9000,9000,9000,9000,9000,0
2019-12-02,9000,9000,9000,9000,9000,0
2019-12-03,9000,9000,9000,9000,9000,0
2019-12-04,9000,9000,9000,9000,9000,0
2019-12-05,9000,9000,9000,9000,9000,0
2019-12-06,9000,9000,9000,9000,9000,0
2019-12-09,9000,9000,9000,9000,9000,0
2019-12-10,9000,9000,9000,9000,9000,0
2019-12-11,9800,9800,9800,9800,9800,100
2019-12-12,9800,9800,9800,9800,9800,0
2019-12-13,9800,9800,9800,9800,9800,0
2019-12-16,9800,9800,9800,9800,9800,0
2019-12-17,9800,9800,9800,9800,9800,0
2019-12-18,9800,9800,9800,9800,9800,0
2019-12-19,9800,9800,9800,9800,9800,0
2019-12-20,9800,9800,9800,9800,9800,0
2019-12-23,8900,10400,8900,10400,10400,25100
2019-12-24,10400,10400,10400,10400,10400,0
2019-12-25,10400,10400,10400,10400,10400,0
2019-12-26,10400,10400,10400,10400,10400,0
2019-12-27,10400,10400,10400,10400,10400,0
2019-12-30,9500,9500,9500,9500,9500,200
2019-12-31,9500,9500,9500,9500,9500,0
2020-01-02,8900,8900,8900,8900,8900,300
2020-01-03,9600,9600,9600,9600,9600,100
2020-01-06,9600,9600,9600,9600,9600,0
2020-01-07,8900,8900,8900,8900,8900,100
2020-01-08,8900,8900,8900,8900,8900,10
2020-01-09,8900,8900,8900,8900,8900,0
2020-01-10,8900,8900,8900,8900,8900,0
2020-01-13,8900,8900,8900,8900,8900,0
2020-01-14,8900,8900,8900,8900,8900,0
2020-01-15,8900,8900,8900,8900,8900,0
2020-01-16,8900,8900,8900,8900,8900,0
2020-01-17,8900,8900,8900,8900,8900,0
2020-01-20,8900,8900,8900,8900,8900,0
2020-01-21,8900,8900,8900,8900,8900,0
2020-01-22,8900,8900,8900,8900,8900,0
2020-01-30,9600,9600,9600,9600,9600,100
2020-01-31,9600,9600,9600,9600,9600,0
2020-02-03,9600,9600,9600,9600,9600,0
2020-02-04,9600,9600,9600,9600,9600,0
2020-02-05,9600,9600,9600,9600,9600,0
2020-02-06,9600,9600,9600,9600,9600,0
2020-02-07,9600,9600,9600,9600,9600,0
2020-02-10,9600,9600,9600,9600,9600,0
2020-02-11,9600,9600,9600,9600,9600,0
2020-02-12,9600,9600,9600,9600,9600,0
2020-02-13,9600,9600,9600,9600,9600,0
2020-02-14,9600,9600,9600,9600,9600,0
2020-02-17,9600,9600,9600,9600,9600,0
2020-02-18,9600,9600,9600,9600,9600,0
2020-02-19,9600,9600,9600,9600,9600,0
2020-02-20,9600,9600,9600,9600,9600,10
2020-02-21,9600,9600,9600,9600,9600,0
2020-02-24,9600,9600,9600,9600,9600,0
2020-02-25,9600,9600,9600,9600,9600,0
2020-02-26,9600,9600,9600,9600,9600,0
2020-02-27,9600,9600,9600,9600,9600,0
2020-02-28,9600,9600,9600,9600,9600,0
2020-03-02,9600,9600,9600,9600,9600,0
2020-03-03,9600,9600,9600,9600,9600,0
2020-03-04,9600,9600,9600,9600,9600,0
2020-03-05,9600,9600,9600,9600,9600,0
2020-03-06,9600,9600,9600,9600,9600,0
2020-03-09,9600,9600,9600,9600,9600,0
2020-03-10,9600,9600,9600,9600,9600,0
2020-03-11,9600,9600,9600,9600,9600,0
2020-03-12,9600,9600,9600,9600,9600,0
2020-03-13,9600,9600,9600,9600,9600,0
2020-03-16,9600,9600,9600,9600,9600,0
2020-03-17,9600,9600,9600,9600,9600,0
2020-03-18,9600,9600,9600,9600,9600,0
2020-03-19,9600,9600,9600,9600,9600,0
2020-03-20,9600,9600,9600,9600,9600,0
2020-03-23,9600,9600,9600,9600,9600,0
2020-03-24,9600,9600,9600,9600,9600,0
2020-03-25,9600,9600,9600,9600,9600,0
2020-03-26,10400,10400,10400,10400,10400,100
2020-03-27,10400,10400,10400,10400,10400,0
2020-03-30,10400,10400,10400,10400,10400,0
2020-03-31,10400,10400,10400,10400,10400,0
2020-04-01,10400,10400,10400,10400,10400,0
2020-04-03,10400,10400,10400,10400,10400,0
2020-04-06,10400,10400,10400,10400,10400,0
2020-04-07,10400,10400,10400,10400,10400,0
2020-04-08,9400,9400,9400,9400,9400,1500
2020-04-09,9400,9400,9400,9400,9400,0
2020-04-10,8600,8600,8600,8600,8600,400
2020-04-13,8600,8600,8600,8600,8600,0
2020-04-14,7800,7800,7800,7800,7800,100
2020-04-15,7800,7800,7800,7800,7800,0
2020-04-16,7100,7100,7100,7100,7100,100
2020-04-17,7100,7100,7100,7100,7100,0
2020-04-20,6400,6400,6400,6400,6400,400
2020-04-21,5800,5800,5800,5800,5800,800
2020-04-22,5300,5300,5300,5300,5300,114
2020-04-23,5300,5300,5300,5300,5300,0
2020-04-24,4900,4900,4800,4800,4800,300
2020-04-27,4500,4500,4500,4500,4500,560
2020-04-28,4500,4500,4500,4500,4500,0
2020-04-29,4900,4900,4600,4600,4600,354
2020-05-04,4600,4600,4400,4400,4400,1400
2020-05-05,4400,4400,4400,4400,4400,0
2020-05-06,4400,4400,4400,4400,4400,54
2020-05-07,4400,4400,4400,4400,4400,0
2020-05-08,4400,4400,4400,4400,4400,10
2020-05-11,4800,4800,4800,4800,4800,1000
2020-05-12,4800,4800,4800,4800,4800,0
2020-05-13,4800,4800,4800,4800,4800,0
2020-05-14,4800,4800,4800,4800,4800,0
2020-05-15,4800,4800,4800,4800,4800,0
2020-05-18,4800,5200,4800,5200,5200,1700
2020-05-19,5700,5700,5700,5700,5700,2440
2020-05-20,6200,6200,6200,6200,6200,100
2020-05-21,6800,6800,6800,6800,6800,5650
2020-05-22,6200,6200,6200,6200,6200,544
2020-05-25,6000,6000,6000,6000,6000,200
2020-05-26,5500,5500,5500,5500,5500,420
2020-05-27,5400,5400,5300,5300,5300,300
2020-05-28,5300,5300,5300,5300,5300,200
2020-05-29,5300,5300,5300,5300,5300,0
2020-06-01,5300,5300,5300,5300,5300,0
2020-06-02,5300,5300,5300,5300,5300,0
2020-06-03,5300,5300,5300,5300,5300,0
2020-06-04,5300,5300,5300,5300,5300,0
2020-06-05,4800,4800,4800,4800,4800,1174
2020-06-08,4900,4900,4900,4900,4900,1330
2020-06-09,4900,4900,4900,4900,4900,10
2020-06-10,4900,4900,4900,4900,4900,40
2020-06-11,4900,4900,4900,4900,4900,56
2020-06-12,4900,4900,4900,4900,4900,0
2020-06-15,4800,5300,4600,5300,5300,340
2020-06-16,5300,5300,5300,5300,5300,0
2020-06-17,5300,5300,5300,5300,5300,0
2020-06-18,5700,5700,5700,5700,5700,100
2020-06-19,5400,5400,5400,5400,5400,200
2020-06-22,5400,5400,5400,5400,5400,0
2020-06-23,5400,5400,5400,5400,5400,0
2020-06-24,5400,5400,5400,5400,5400,0
2020-06-25,5400,5400,5400,5400,5400,0
2020-06-26,5400,5400,5400,5400,5400,0
2020-06-29,5400,5400,5400,5400,5400,0
2020-06-30,5400,5400,5400,5400,5400,0
2020-07-01,5400,5400,5400,5400,5400,0
2020-07-02,5300,5300,5300,5300,5300,12218
2020-07-03,5300,5300,5300,5300,5300,0
2020-07-06,5300,5300,5300,5300,5300,0
2020-07-07,5300,5300,5300,5300,5300,0
2020-07-08,5300,5300,5300,5300,5300,0
2020-07-09,4800,4800,4800,4800,4800,200
2020-07-10,4800,4800,4800,4800,4800,0
2020-07-13,4800,4800,4800,4800,4800,0
2020-07-14,4800,4800,4800,4800,4800,0
2020-07-15,4800,4800,4800,4800,4800,0
2020-07-16,5100,5100,5100,5100,5100,100
2020-07-17,5100,5100,5100,5100,5100,0
2020-07-20,5500,5500,5500,5500,5500,100
2020-07-21,5000,5000,5000,5000,5000,100
2020-07-22,5000,5000,5000,5000,5000,0
2020-07-23,5000,5000,5000,5000,5000,56
2020-07-24,4600,4600,4600,4600,4600,150
2020-07-27,4600,4600,4600,4600,4600,0
2020-07-28,4600,4600,4600,4600,4600,0
2020-07-29,4200,4200,4200,4200,4200,100
2020-07-30,4600,4600,4600,4600,4600,200
2020-07-31,4600,4600,4600,4600,4600,0
2020-08-03,4600,4600,4600,4600,4600,0
2020-08-04,4300,4300,4300,4300,4300,150
2020-08-05,4300,4300,4300,4300,4300,100
2020-08-06,4000,4000,4000,4000,4000,100
2020-08-07,3800,3800,3800,3800,3800,300
2020-08-10,3800,3800,3800,3800,3800,0
2020-08-11,3800,4000,3800,4000,4000,7100
2020-08-12,4000,4100,4000,4100,4100,600
2020-08-13,4100,4100,4100,4100,4100,0
2020-08-14,4500,4500,4500,4500,4500,100
2020-08-17,4100,4100,4100,4100,4100,100
2020-08-18,4100,4100,4100,4100,4100,0
2020-08-19,3900,3900,3900,3900,3900,100
2020-08-20,3900,3900,3900,3900,3900,50
2020-08-21,3800,3800,3800,3800,3800,100
2020-08-24,3700,4100,3700,4100,4100,460
2020-08-25,4100,4100,4100,4100,4100,502
2020-08-26,4100,4100,4100,4100,4100,0
2020-08-27,4100,4100,4100,4100,4100,200
2020-08-28,4100,4100,3700,3700,3700,800
2020-08-31,4000,4000,4000,4000,4000,108
2020-09-01,3800,3800,3800,3800,3800,100
2020-09-03,3800,3800,3800,3800,3800,0
2020-09-04,3800,3800,3800,3800,3800,0
2020-09-07,3800,3800,3800,3800,3800,0
2020-09-08,3800,3800,3800,3800,3800,0
2020-09-09,3800,3800,3800,3800,3800,0
2020-09-10,3900,3900,3900,3900,3900,100
2020-09-11,4200,4200,4200,4200,4200,400
2020-09-14,4000,4000,4000,4000,4000,100
2020-09-15,4000,4000,4000,4000,4000,0
2020-09-16,4000,4000,3900,3900,3900,200
2020-09-17,3800,3900,3800,3900,3900,300
2020-09-18,4200,4200,4200,4200,4200,110
2020-09-21,4200,4600,4200,4600,4600,834
2020-09-22,4600,5000,4600,5000,5000,690
2020-09-23,5000,5000,5000,5000,5000,100
2020-09-24,5000,5000,5000,5000,5000,50
2020-09-25,5000,5000,5000,5000,5000,20
2020-09-28,5000,5000,5000,5000,5000,0
2020-09-29,5000,5000,5000,5000,5000,0
2020-09-30,5000,5000,5000,5000,5000,910
2020-10-01,5500,5500,5500,5500,5500,1120
2020-10-02,5500,5500,5500,5500,5500,20
2020-10-05,5000,6000,5000,6000,6000,200
2020-10-06,6000,6100,6000,6100,6100,7200
2020-10-07,6200,6200,6200,6200,6200,500
2020-10-08,6200,6200,6200,6200,6200,70
2020-10-09,6200,6200,6200,6200,6200,0
2020-10-12,6200,6200,6200,6200,6200,0
2020-10-13,6200,6200,6200,6200,6200,0
2020-10-14,6200,6200,6200,6200,6200,0
2020-10-15,6200,6200,6200,6200,6200,0
2020-10-16,6200,6200,6200,6200,6200,0
2020-10-19,6200,6200,6200,6200,6200,0
2020-10-20,6200,6200,6200,6200,6200,0
2020-10-21,6200,6200,6200,6200,6200,0
2020-10-22,6200,6200,6200,6200,6200,0
2020-10-23,6200,6200,6200,6200,6200,0
2020-10-26,6200,6200,6200,6200,6200,0
2020-10-27,6200,6200,6200,6200,6200,0
2020-10-28,6200,6200,6200,6200,6200,0
2020-10-29,6200,6200,6200,6200,6200,0
2020-10-30,6200,6200,6200,6200,6200,0
2020-11-02,6200,6200,6200,6200,6200,0
2020-11-03,6200,6200,6200,6200,6200,0
2020-11-04,6200,6200,6200,6200,6200,0
2020-11-05,6200,6200,6200,6200,6200,0
2020-11-06,6200,6200,6200,6200,6200,0
2020-11-09,6200,6200,6200,6200,6200,0
2020-11-10,6200,6200,6200,6200,6200,0
2020-11-11,6200,6200,6200,6200,6200,0
2020-11-12,6200,6200,6200,6200,6200,100
2020-11-13,6200,6200,6200,6200,6200,0
2020-11-16,6200,6200,6200,6200,6200,500
2020-11-17,6100,6100,6100,6100,6100,310
2020-11-18,6100,6100,6100,6100,6100,30
2020-11-19,5500,6200,5500,6200,6200,5750
2020-11-20,5800,5800,5800,5800,5800,501
2020-11-23,5800,5800,5800,5800,5800,1850
2020-11-24,5800,5800,5800,5800,5800,50
2020-11-25,5800,5800,5800,5800,5800,2070
2020-11-26,5300,5300,5300,5300,5300,300
2020-11-27,5200,5200,5100,5100,5100,621
2020-11-30,5100,5100,5100,5100,5100,2500
2020-12-01,4700,4700,4700,4700,4700,200
2020-12-02,4700,4700,4700,4700,4700,100
2020-12-03,4700,4700,4700,4700,4700,0
2020-12-04,4700,4700,4700,4700,4700,25000
2020-12-07,4300,5100,4300,5100,5100,3500
2020-12-08,5000,5000,5000,5000,5000,2500
2020-12-09,5200,5500,5200,5500,5500,3000
2020-12-10,5300,5300,5300,5300,5300,2500
2020-12-11,5300,5300,5300,5300,5300,400
2020-12-14,5300,5300,5300,5300,5300,1100
2020-12-15,5300,5300,5300,5300,5300,0
2020-12-16,5300,5300,5300,5300,5300,0
2020-12-17,5500,5500,5500,5500,5500,100
2020-12-18,5500,5500,5500,5500,5500,1900
2020-12-21,5500,5500,5500,5500,5500,0
2020-12-22,5500,5500,5500,5500,5500,200
2020-12-23,5400,5400,5000,5000,5000,1900
2020-12-24,5000,5000,5000,5000,5000,0
2020-12-25,5000,5000,5000,5000,5000,0
2020-12-28,5500,5500,5500,5500,5500,200
2020-12-29,5100,5500,5100,5500,5500,400
2020-12-30,6000,6000,6000,6000,6000,100
2020-12-31,6300,6300,5800,5800,5800,2650
2021-01-04,5300,5300,5300,5300,5300,516
2021-01-05,5300,5300,5300,5300,5300,200
2021-01-06,5300,5300,5300,5300,5300,4
2021-01-07,5700,5700,4800,5400,5400,2200
2021-01-08,5500,5900,5500,5900,5900,2150
2021-01-11,6000,6100,6000,6100,6100,300
2021-01-12,6000,6000,6000,6000,6000,200
2021-01-13,6000,6000,6000,6000,6000,600
2021-01-14,5400,5400,5400,5400,5400,500
2021-01-15,5400,5400,5100,5100,5100,1800
2021-01-18,5100,5100,5100,5100,5100,0
2021-01-19,5600,5600,5600,5600,5600,3300
2021-01-20,5500,5500,5500,5500,5500,200
2021-01-21,6000,6000,5900,5900,5900,1319
2021-01-22,5900,5900,5900,5900,5900,50
2021-01-25,6000,6100,6000,6100,6100,1400
2021-01-26,6100,6100,6100,6100,6100,200
2021-01-27,6100,6100,6100,6100,6100,100
2021-01-28,6100,6100,6100,6100,6100,0
2021-01-29,6100,6100,6100,6100,6100,0
2021-02-01,6100,6100,6100,6100,6100,0
2021-02-02,6100,6100,6100,6100,6100,500
2021-02-03,6100,6100,6100,6100,6100,300
2021-02-04,6100,6100,6100,6100,6100,1500
2021-02-05,6100,6100,6100,6100,6100,2800
2021-02-08,6100,6100,6100,6100,6100,3400
2021-02-09,6100,6100,6100,6100,6100,1000
2021-02-17,6000,6000,6000,6000,6000,5500
2021-02-18,6100,6100,5800,5800,5800,2100
2021-02-19,5800,5800,5800,5800,5800,0
2021-02-22,6000,6000,6000,6000,6000,600
2021-02-23,6000,6000,6000,6000,6000,0
2021-02-24,5800,5800,5600,5600,5600,1500
2021-02-25,5600,5600,5600,5600,5600,0
2021-02-26,5600,5600,5600,5600,5600,0
2021-03-01,5100,5100,5100,5100,5100,1700
2021-03-02,5200,5200,5200,5200,5200,2300
2021-03-03,5200,5200,5200,5200,5200,100
2021-03-04,5700,5700,5700,5700,5700,800
2021-03-05,6200,6200,6200,6200,6200,14400
2021-03-08,6800,6800,6800,6800,6800,200
2021-03-09,7400,7400,7400,7400,7400,400
2021-03-10,6700,7400,6700,7400,7400,8200
2021-03-11,6700,6700,6700,6700,6700,3400
2021-03-12,6700,6700,6700,6700,6700,0
2021-03-15,6700,6700,6700,6700,6700,0
2021-03-16,6100,6300,6100,6300,6300,14500
2021-03-17,6700,6700,6700,6700,6700,400
2021-03-18,6700,6700,6700,6700,6700,8500
2021-03-19,6700,6700,6700,6700,6700,0
2021-03-22,6500,6600,6100,6100,6100,6500
2021-03-23,6100,6100,6100,6100,6100,200
2021-03-24,6500,6500,6400,6400,6400,4000
2021-03-25,6400,6400,6400,6400,6400,0
2021-03-26,6200,6200,6200,6200,6200,100
2021-03-29,6200,6200,6200,6200,6200,0
2021-03-30,6200,6800,6100,6800,6800,14301
2021-03-31,6800,6800,6600,6600,6600,5000
2021-04-01,6500,6600,6500,6600,6600,1000
2021-04-02,6600,6600,6000,6500,6500,5500
2021-04-05,6100,6500,6000,6300,6300,8800
2021-04-06,6300,6400,6200,6200,6200,16500
2021-04-07,6200,6600,6200,6600,6600,22349
2021-04-08,6400,6700,6300,6700,6700,9000
2021-04-09,6700,6700,6500,6600,6600,3500
2021-04-12,6600,7200,6600,7200,7200,28300
2021-04-13,7300,7500,7300,7400,7400,15210
2021-04-14,7600,8100,7600,7700,7700,9600
2021-04-15,7700,7700,7000,7400,7400,10100
2021-04-16,7000,7400,6800,7400,7400,1220
2021-04-19,7400,7400,7400,7400,7400,1300
2021-04-20,6700,6700,6700,6700,6700,3200
2021-04-22,6100,6500,6100,6200,6200,3920
2021-04-23,6200,6500,6200,6500,6500,1300
2021-04-26,5900,5900,5900,5900,5900,200
2021-04-27,6000,6400,6000,6400,6400,2947
2021-04-28,6500,6700,6500,6700,6700,1200
2021-04-29,6700,6700,6700,6700,6700,0
2021-05-04,6300,6400,6200,6200,6200,3100
2021-05-05,6200,6200,6100,6100,6100,2210
2021-05-06,5600,6400,5600,6400,6400,500
2021-05-07,6400,6400,6400,6400,6400,300
2021-05-10,6400,6400,6400,6400,6400,0
2021-05-11,6400,6400,6400,6400,6400,200
2021-05-12,6400,6400,6400,6400,6400,0
2021-05-13,6400,6400,6400,6400,6400,0
2021-05-14,6400,6400,6400,6400,6400,400
2021-05-17,6200,6200,6200,6200,6200,242
2021-05-18,6200,6200,6200,6200,6200,0
2021-05-19,5900,6200,5900,6200,6200,1200
2021-05-20,5600,5600,5600,5600,5600,800
2021-05-21,6000,6000,5200,5200,5200,3500
2021-05-24,5700,5700,5700,5700,5700,1000
2021-05-25,6100,6200,6100,6200,6200,3200
2021-05-26,6800,6800,6800,6800,6800,105
2021-05-27,6600,6600,6400,6400,6400,2100
2021-05-28,5800,6400,5800,6400,6400,3950
2021-05-31,6300,6300,6300,6300,6300,100
2021-06-01,6300,6300,6000,6000,6000,2200
2021-06-02,6000,6000,6000,6000,6000,1200
2021-06-03,6000,6000,6000,6000,6000,1000
2021-06-04,6000,6000,6000,6000,6000,6300
2021-06-07,6600,6600,6500,6500,6500,2000
2021-06-08,6500,6500,6500,6500,6500,1000
2021-06-09,6500,6500,6500,6500,6500,0
2021-06-10,5900,5900,5900,5900,5900,400
2021-06-11,5600,5900,5600,5900,5900,3000
2021-06-14,5500,5500,5500,5500,5500,1100
2021-06-15,5500,6000,5500,5500,5500,8300
2021-06-16,5500,5500,5500,5500,5500,0
2021-06-17,6000,6000,6000,6000,6000,200
2021-06-18,6600,6600,6400,6400,6400,1400
2021-06-21,6300,6300,6300,6300,6300,500
2021-06-22,6500,6500,6000,6000,6000,800
2021-06-23,6000,6000,6000,6000,6000,300
2021-06-24,5600,5600,5600,5600,5600,2000
2021-06-25,5600,5600,5600,5600,5600,1900
2021-06-28,5600,5600,5600,5600,5600,1300
2021-06-29,5700,5800,5700,5800,5800,200
2021-06-30,5900,5900,5900,5900,5900,200
2021-07-01,5900,5900,5900,5900,5900,200
2021-07-02,5900,5900,5900,5900,5900,200
2021-07-05,5600,5600,5600,5600,5600,1900
2021-07-06,5600,5600,5600,5600,5600,5050
2021-07-07,5600,5600,5600,5600,5600,200
2021-07-08,5800,5800,5600,5600,5600,200
2021-07-09,5600,5600,5600,5600,5600,0
2021-07-12,5600,5600,5600,5600,5600,5120
2021-07-13,5600,5600,5600,5600,5600,0
2021-07-14,5600,5600,5600,5600,5600,2000
2021-07-15,5600,5700,5600,5700,5700,3100
2021-07-19,5800,5800,5800,5800,5800,5700
2021-07-21,5900,5900,5900,5900,5900,100
2021-07-26,5900,6000,5500,5500,5500,3400
2021-07-30,5600,5600,5600,5600,5600,500
2021-08-02,5600,5600,5600,5600,5600,2000
2021-08-03,5600,5600,5600,5600,5600,2500
2021-08-09,5600,5600,5600,5600,5600,500
2021-08-10,5600,5600,5600,5600,5600,200
2021-08-11,5600,5700,5600,5700,5700,800
2021-08-13,5700,5700,5500,5500,5500,300
2021-08-17,6000,6000,6000,6000,6000,2100
2021-08-24,5500,6000,5500,6000,6000,200
2021-08-25,5500,5500,5500,5500,5500,300
2021-09-06,5700,5700,5600,5600,5600,1000
2021-09-09,5600,5600,5600,5600,5600,2900
2021-09-17,6000,6100,6000,6100,6100,300
2021-09-20,6200,6400,6200,6400,6400,1500
2021-09-21,6400,6600,6400,6600,6600,3800
2021-09-22,7000,7200,7000,7200,7200,4400
2021-09-23,7200,7200,7100,7100,7100,600
2021-09-24,6400,6400,6400,6400,6400,1000
2021-09-28,6500,6800,6500,6800,6800,200
2021-09-29,6800,6800,6800,6800,6800,400
2021-09-30,6800,7100,6200,7100,7100,3800
2021-10-01,7000,7000,6400,7000,7000,2400
2021-10-04,7200,7200,7200,7200,7200,1000
2021-10-05,7200,7200,6500,7200,7200,300
2021-10-07,6500,6500,6500,6500,6500,400
2021-10-08,6500,6500,6400,6400,6400,700
2021-10-11,6400,6500,6400,6500,6500,500
2021-10-12,6200,6300,6200,6300,6300,1200
2021-10-13,6300,6300,6300,6300,6300,1400
2021-10-15,5900,6300,5900,6300,6300,200
2021-10-18,6300,6900,6300,6900,6900,8300
2021-10-19,7100,7200,7000,7000,7000,1500
2021-10-22,6600,7000,6600,7000,7000,5200
2021-10-25,7000,7000,7000,7000,7000,500
2021-10-26,7000,7000,7000,7000,7000,1500
2021-10-27,7000,7300,7000,7000,7000,7100
2021-10-29,7000,7000,7000,7000,7000,1300
2021-11-01,7300,7300,7000,7000,7000,2900
2021-11-02,7000,7700,7000,7700,7700,4700
2021-11-03,8400,8400,8400,8400,8400,1200
2021-11-04,9200,9200,9200,9200,9200,3400
2021-11-05,10100,10100,10100,10100,10100,2200
2021-11-08,11100,11100,11100,11100,11100,300
2021-11-09,12200,12200,12200,12200,12200,4000
2021-11-10,13400,13400,13400,13400,13400,300
2021-11-11,14700,14700,14700,14700,14700,600
2021-11-12,16100,16100,16100,16100,16100,22400
2021-11-15,17700,17700,17000,17700,17700,36000
2021-11-16,17700,19400,17700,19400,19400,29800
2021-11-17,20000,20000,17500,18000,18000,17100
2021-11-18,16500,16800,16200,16700,16700,15500
2021-11-19,16000,16500,15100,16400,16400,20900
2021-11-22,15000,16300,14800,15600,15600,13100
2021-11-23,15500,15900,14100,15900,15900,2200
2021-11-24,15900,17400,15900,16900,16900,34800
2021-11-25,17500,18500,17000,18300,18300,12500
2021-11-26,17000,17600,16500,17600,17600,2700
2021-11-29,17600,17600,15900,15900,15900,13000
2021-11-30,15800,16000,14500,14800,14800,12800
2021-12-01,15000,15100,14900,15100,15100,10000
2021-12-02,14100,15200,14100,15200,15200,3300
2021-12-03,14200,15000,14200,15000,15000,1600
2021-12-06,15000,15000,14200,14600,14600,3500
2021-12-08,14600,14600,13500,13500,13500,3400
2021-12-09,13500,13500,12500,13500,13500,6300
2021-12-10,13500,13500,13500,13500,13500,900
2021-12-13,13500,14000,13500,13700,13700,3900
2021-12-14,13600,13800,13600,13800,13800,2000
2021-12-15,13800,15100,13800,15100,15100,13500
2021-12-16,15200,16600,15200,16600,16600,19600
2021-12-17,15100,16500,15100,16500,16500,11900
2021-12-20,15200,16500,14900,16400,16400,10800
2021-12-21,15000,16300,14800,15000,15000,33600
2021-12-22,15800,15800,13900,14600,14600,5900
2021-12-23,14500,14500,13800,13900,13900,18700
2021-12-24,13900,15100,13700,15100,15100,10500
2021-12-27,14000,15000,13900,14000,14000,18300
2021-12-28,13900,14800,13900,14000,14000,19400
2021-12-29,14000,14000,14000,14000,14000,18800
2021-12-30,14000,14100,13300,13900,13900,7900
2021-12-31,13900,14800,13900,13900,13900,9600
2022-01-04,13900,13900,12600,13800,13800,36500
2022-01-05,14500,14500,13300,13400,13400,15300
2022-01-06,13800,13800,13000,13000,13000,41400
2022-01-07,13000,13000,12700,12800,12800,10400
2022-01-10,12800,13300,11900,11900,11900,46700
2022-01-11,12000,12700,12000,12600,12600,31700
2022-01-12,12600,12600,12200,12600,12600,5500
2022-01-13,12600,12600,12000,12000,12000,21800
2022-01-14,12000,12500,10800,12500,12500,10000
2022-01-17,11400,12000,11400,12000,12000,1900
2022-01-18,11400,12000,11400,12000,12000,700
2022-01-19,11900,13100,11800,11900,11900,4400
2022-01-20,11900,11900,11900,11900,11900,4600
2022-01-21,11900,11900,11900,11900,11900,3200
2022-01-24,11100,11500,11000,11500,11500,5800
2022-01-25,11000,11500,11000,11500,11500,200
2022-01-26,11000,11500,11000,11500,11500,4300
2022-01-27,11400,12400,10500,12400,12400,7200
2022-01-28,11200,12200,11200,12200,12200,1300
2022-02-07,11200,12100,11100,11100,11100,2300
2022-02-08,11100,12000,11100,12000,12000,4400
2022-02-09,12000,12000,12000,12000,12000,1300
2022-02-10,11200,11400,11200,11400,11400,900
2022-02-11,11400,11900,10500,11900,11900,10200
2022-02-14,11800,11900,11800,11800,11800,11100
2022-02-15,12000,12400,11800,12400,12400,2200
2022-02-16,12500,12900,12400,12400,12400,2100
2022-02-17,11500,12400,11500,12400,12400,900
2022-02-18,12300,12300,12200,12200,12200,2200
2022-02-21,11400,11900,11400,11900,11900,1900
2022-02-22,11900,12000,11900,11900,11900,1400
2022-02-23,11900,11900,11900,11900,11900,1400
2022-02-24,11900,11900,11700,11700,11700,2600
2022-02-25,11800,11900,11800,11800,11800,4600
2022-02-28,11800,11800,11800,11800,11800,1700
2022-03-01,12000,12000,12000,12000,12000,300
2022-03-02,11800,12400,11800,11800,11800,4800
2022-03-03,11800,11800,11800,11800,11800,1400
2022-03-04,11600,12000,11600,12000,12000,6100
2022-03-07,12000,13100,12000,13000,13000,14200
2022-03-08,13000,13200,12900,13100,13100,15700
2022-03-09,13100,13200,13100,13100,13100,6800
2022-03-10,13100,13300,13000,13300,13300,8700
2022-03-11,13100,14000,13100,13600,13600,24600
2022-03-14,13600,13700,13100,13100,13100,5800
2022-03-15,13100,14400,13100,13800,13800,18300
2022-03-16,14200,15000,13500,13900,13900,4600
2022-03-17,13900,14000,13200,13800,13800,10500
2022-03-18,13400,14000,13200,13700,13700,9000
2022-03-21,13600,14500,13500,13900,13900,43900
2022-03-22,14000,14100,13500,13600,13600,23800
2022-03-23,14800,14800,13600,13700,13700,10900
2022-03-24,13500,13900,13200,13800,13800,16900
2022-03-25,13500,13700,13300,13700,13700,5600
2022-03-28,13100,13500,12700,13000,13000,19000
2022-03-29,13000,13900,13000,13000,13000,9900
2022-03-30,11800,13500,11800,12600,12600,3100
2022-03-31,12600,13100,12400,12600,12600,33600
2022-04-01,12600,13100,12600,12600,12600,5000
2022-04-04,12600,12700,12600,12700,12700,5300
2022-04-05,12700,12700,11500,12600,12600,7000
2022-04-06,12600,12600,12400,12400,12400,1500
2022-04-07,12600,12600,12000,12400,12400,4300
2022-04-08,12000,12400,12000,12100,12100,7200
2022-04-12,13300,13300,12700,13000,13000,65400
2022-04-13,13000,13000,12600,13000,13000,14500
2022-04-14,13000,13000,12900,12900,12900,23300
2022-04-15,12800,12800,11800,12700,12700,79000
2022-04-18,12700,13500,12000,12400,12400,35100
2022-04-19,12400,12400,11300,11300,11300,21900
2022-04-20,11300,11400,11000,11000,11000,4600
2022-04-21,11000,11000,9900,9900,9900,27000
2022-04-22,10000,10000,9500,9600,9600,36500
2022-04-25,9600,10400,9200,9200,9200,19900
2022-04-26,9000,10000,8800,10000,10000,14400
2022-04-27,10000,10000,10000,10000,10000,500
2022-04-28,9800,10300,9800,10300,10300,5800
2022-04-29,10600,10600,10600,10600,10600,300
2022-05-06,9900,10600,9900,10600,10600,1200
2022-05-09,9800,9800,9600,9600,9600,3400
2022-05-10,9600,9600,9600,9600,9600,4800
2022-05-11,9600,9600,9600,9600,9600,5000
2022-05-12,9600,9700,9600,9600,9600,5400
2022-05-13,9600,9600,9200,9300,9300,3200
2022-05-16,9300,9300,9300,9300,9300,600
2022-05-17,9300,9300,9300,9300,9300,600
2022-05-18,9300,9300,9300,9300,9300,1100
2022-05-19,9400,9900,9300,9300,9300,1800
2022-05-20,9300,9400,9300,9400,9400,700
2022-05-23,9500,9500,9500,9500,9500,200
2022-05-24,10200,10200,10200,10200,10200,100
2022-05-25,11000,11000,9500,10200,10200,3600
2022-05-26,10900,10900,10400,10400,10400,1100
2022-05-27,9400,10500,9400,10500,10500,200
2022-05-30,10500,10500,10400,10400,10400,1100
2022-05-31,9600,10200,9400,9500,9500,6200
2022-06-01,9800,9800,9800,9800,9800,100
2022-06-02,9800,9800,9800,9800,9800,200
2022-06-03,9400,9700,9400,9700,9700,2300
2022-06-06,8900,9800,8800,9700,9700,2600
2022-06-07,10000,10000,9800,9800,9800,300
2022-06-08,9100,9900,9100,9900,9900,300
2022-06-09,9200,9800,9000,9800,9800,4200
2022-06-10,8900,9500,8900,9000,9000,3100
2022-06-13,8800,9700,8800,9400,9400,300
2022-06-14,9400,9800,9400,9800,9800,2900
2022-06-15,9000,9300,8900,9000,9000,11500
2022-06-16,9000,9000,9000,9000,9000,1000
2022-06-17,8100,8600,8100,8400,8400,2000
2022-06-20,7700,7800,7700,7800,7800,200
2022-06-21,7800,7800,7800,7800,7800,600
2022-06-22,7800,7800,7800,7800,7800,800
2022-06-23,7200,7900,7200,7900,7900,500
2022-06-24,7900,7900,7900,7900,7900,5300
2022-06-28,8400,8400,8400,8400,8400,1000
2022-06-29,8500,8500,8500,8500,8500,100
2022-07-01,7700,8100,7700,8100,8100,600
2022-07-04,7400,7400,7300,7400,7400,4200
2022-07-05,7400,7900,6800,7900,7900,1700
2022-07-06,7900,7900,7200,7200,7200,24000
2022-07-08,7700,7700,7700,7700,7700,100
2022-07-11,7700,7700,7700,7700,7700,300
2022-07-12,7000,7000,7000,7000,7000,1800
2022-07-13,6800,7200,6800,7100,7100,3000
2022-07-14,7100,7100,7100,7100,7100,700
2022-07-15,7200,7200,7200,7200,7200,100
2022-07-18,7200,7200,6900,7100,7100,3600
2022-07-19,7100,7100,6800,7000,7000,2000
2022-07-20,6600,7100,6600,7100,7100,1800
2022-07-21,7400,7400,7300,7300,7300,300
2022-07-25,7300,7300,7200,7200,7200,1400
2022-07-26,6800,7100,6700,7000,7000,6200
2022-07-27,6700,6900,6700,6700,6700,2600
2022-07-28,6700,6900,6700,6900,6900,8900
2022-07-29,6900,6900,6800,6800,6800,8200
2022-08-01,6800,6900,6800,6900,6900,4200
2022-08-02,6800,6800,6500,6800,6800,5300
2022-08-03,6900,6900,6800,6900,6900,4500
2022-08-04,6800,7200,6800,7200,7200,3300
2022-08-05,6600,7200,6600,7200,7200,200
2022-08-08,7200,7200,6800,6900,6900,7300
2022-08-09,6900,6900,6900,6900,6900,1000
2022-08-10,6900,7000,6900,7000,7000,1500
2022-08-11,6900,7300,6800,6800,6800,11600
2022-08-12,6800,7300,6800,6900,6900,400
2022-08-15,6900,7100,6800,6900,6900,7600
2022-08-16,6900,7000,6900,6900,6900,4800
2022-08-17,6900,7000,6900,6900,6900,7100
2022-08-18,6900,6900,6900,6900,6900,12000
2022-08-19,6900,6900,6900,6900,6900,13100
2022-08-22,6900,7000,6900,6900,6900,2500
2022-08-23,6900,6900,6900,6900,6900,3400
2022-08-24,6900,7000,6900,7000,7000,4600
2022-08-25,7200,7200,7100,7100,7100,1300
2022-08-26,7300,7700,7300,7600,7600,20500
2022-08-29,7700,7700,7600,7600,7600,1300
2022-08-30,6900,7500,6900,7300,7300,5200
2022-08-31,7300,7300,7000,7000,7000,200
2022-09-05,7100,7100,7000,7000,7000,600
2022-09-06,7100,7100,7100,7100,7100,200
2022-09-07,7100,7100,7100,7100,7100,3000
2022-09-08,7000,7000,7000,7000,7000,2200
2022-09-09,7000,7000,7000,7000,7000,100
2022-09-12,7000,7100,7000,7100,7100,1300
2022-09-13,7100,7100,7000,7000,7000,400
2022-09-14,7100,7100,7100,7100,7100,2500
2022-09-19,6600,7500,6600,7500,7500,2700
2022-09-23,7100,7900,7100,7500,7500,1200
2022-09-26,8000,8000,7800,7800,7800,4100
2022-09-27,8100,8100,7100,7800,7800,600
2022-09-28,8100,8100,8000,8000,8000,500
2022-09-30,7200,7200,7200,7200,7200,200
2022-10-03,7900,7900,7700,7700,7700,200
2022-10-04,7000,7400,7000,7400,7400,700
2022-10-06,7400,7900,7300,7900,7900,5900
2022-10-07,7300,7300,7300,7300,7300,800
2022-10-10,7200,7200,6700,6700,6700,2300
2022-10-11,6300,6300,6200,6200,6200,5300
2022-10-12,6200,6200,6200,6200,6200,5900
2022-10-13,6300,6600,6300,6600,6600,2300
2022-10-14,6600,7000,6600,7000,7000,600
2022-10-17,6500,6500,6500,6500,6500,1800
2022-10-18,6600,7100,6600,7000,7000,2800
2022-10-19,7300,7300,7300,7300,7300,200
2022-10-20,7300,7500,6800,6800,6800,600
2022-10-21,6800,6800,6800,6800,6800,100
2022-10-24,6800,6800,6800,6800,6800,5100
2022-10-26,6200,7000,6200,6300,6300,1400
2022-10-28,6300,6300,6300,6300,6300,6700
2022-10-31,6800,6800,6800,6800,6800,100
2022-11-01,6800,6800,6800,6800,6800,1000
2022-11-07,6200,6200,6200,6200,6200,6000
2022-11-08,5600,6200,5600,6200,6200,200
2022-11-09,6800,6800,6200,6200,6200,200
2022-11-10,6200,6200,5600,5600,5600,300
2022-11-11,5800,5800,5200,5200,5200,4300
2022-11-14,4800,4800,4800,4800,4800,18000
2022-11-15,4500,4500,4500,4500,4500,2000
2022-11-16,4200,4800,4200,4400,4400,5000
2022-11-17,4400,4800,4400,4800,4800,19100
2022-11-18,4600,4600,4600,4600,4600,100
2022-11-21,4800,4800,4500,4500,4500,3100
2022-11-22,4500,4900,4500,4900,4900,1600
2022-11-23,4900,4900,4900,4900,4900,2200
2022-11-25,4500,4500,4500,4500,4500,500
2022-11-28,4800,4800,4600,4800,4800,3700
2022-11-29,4900,4900,4900,4900,4900,200
2022-11-30,4800,4800,4800,4800,4800,8400
2022-12-01,4900,5200,4900,5200,5200,3100
2022-12-02,4900,4900,4900,4900,4900,900
2022-12-05,5000,5000,5000,5000,5000,100
2022-12-06,4900,4900,4900,4900,4900,1000
2022-12-07,4900,4900,4900,4900,4900,500
2022-12-08,4900,5000,4900,5000,5000,1900
2022-12-12,4900,4900,4900,4900,4900,2000
2022-12-13,5100,5100,5100,5100,5100,100
2022-12-14,5600,5600,5600,5600,5600,100
2022-12-15,5700,5700,5700,5700,5700,100
2022-12-16,5800,5800,5500,5500,5500,900
2022-12-20,5200,5200,5000,5000,5000,1200
2022-12-21,5000,5000,5000,5000,5000,400
2022-12-22,4800,5000,4600,5000,5000,2700
2022-12-26,5500,5500,5300,5400,5400,3100
2022-12-27,5300,5300,5300,5300,5300,600
2022-12-28,5500,5500,5400,5400,5400,300
2022-12-29,5400,5400,5400,5400,5400,1800
2022-12-30,5500,5500,5400,5400,5400,1600
2023-01-03,5000,5400,4900,5400,5400,2800
2023-01-04,5400,5400,5400,5400,5400,19100
2023-01-05,5400,5400,5200,5400,5400,2100
2023-01-09,5100,5100,5100,5100,5100,300
2023-01-10,5400,5400,5400,5400,5400,200
2023-01-11,5400,5400,5400,5400,5400,700
2023-01-12,5400,5400,5400,5400,5400,1700
2023-01-13,5400,5400,5400,5400,5400,1200
2023-01-16,5400,5400,5300,5300,5300,6900
2023-01-18,5400,5400,5400,5400,5400,4800
2023-01-19,5300,5300,5300,5300,5300,200
2023-01-30,5600,5600,5000,5000,5000,300
2023-01-31,5100,5200,5100,5200,5200,1100
2023-02-02,5200,5200,5200,5200,5200,400
2023-02-06,5300,5300,5300,5300,5300,300
2023-02-08,5400,5400,5400,5400,5400,200
2023-02-14,5400,5400,5400,5400,5400,100
2023-02-15,5500,5500,5500,5500,5500,400
2023-02-20,5300,5300,5300,5300,5300,600
2023-02-21,5400,5400,5400,5400,5400,100
2023-02-22,5400,5400,5400,5400,5400,500
2023-02-24,4900,4900,4900,4900,4900,100
2023-02-27,5300,5300,5300,5300,5300,300
2023-02-28,5600,5600,5600,5600,5600,100
2023-03-17,5100,5100,5100,5100,5100,700
2023-03-20,5100,5100,5100,5100,5100,300
2023-03-21,5100,5100,5100,5100,5100,1500
2023-03-22,5300,5300,5300,5300,5300,100
2023-03-23,5400,5400,5400,5400,5400,200
2023-03-24,5500,5500,5500,5500,5500,200
2023-03-27,5600,5600,5600,5600,5600,1200
2023-03-28,6100,6100,6100,6100,6100,800
2023-03-29,6700,6700,6700,6700,6700,1200
2023-03-30,6300,6300,6300,6300,6300,100
2023-03-31,6700,6700,6700,6700,6700,600
2023-04-03,7100,7100,7100,7100,7100,100
2023-04-05,5500,5500,5500,5500,5500,100
2023-04-06,5500,5500,5500,5500,5500,500
2023-04-07,6600,6600,6600,6600,6600,100
2023-04-07,6600,6600,6600,6600,6600,100
2023-04-10,5800,5800,5800,5800,5800,200
2023-04-12,5300,5300,5300,5300,5300,300
2023-04-14,4800,4800,4800,4800,4800,3400
2023-04-17,5200,5200,5200,5200,5200,2100
2023-04-18,5200,5200,5200,5200,5200,100
2023-04-19,5000,5100,5000,5100,5100,300
2023-04-25,5100,5200,5100,5200,5200,200
2023-04-26,6000,6000,6000,6000,6000,100
2023-04-27,5500,5500,5500,5500,5500,100
2023-05-17,5900,5900,5900,5900,5900,100
2023-05-18,5600,5600,5600,5600,5600,100
2023-05-19,5500,5500,5100,5100,5100,1200
2023-05-22,4700,5100,4600,4700,4700,900
2023-05-23,4700,5100,4700,5100,5100,1200
2023-05-24,5100,5100,5100,5100,5100,200
2023-05-25,5100,5200,5100,5200,5200,200
2023-05-26,5100,5100,4800,4900,4900,1100
2023-05-29,5300,5300,5000,5000,5000,900
2023-05-30,5200,5300,5200,5300,5300,1200
2023-05-31,5300,5300,5300,5300,5300,100
2023-06-01,5200,5300,5100,5100,5100,400
2023-06-02,5300,5300,5300,5300,5300,1900
2023-06-05,5200,5300,5200,5300,5300,1700
2023-06-07,5300,5400,5100,5300,5300,2600
2023-06-08,5100,5400,5100,5300,5300,5000
2023-06-09,5300,5300,5200,5200,5200,1600
2023-06-12,5200,5700,5200,5700,5700,2200
2023-06-14,5600,5600,5500,5500,5500,2100
2023-06-15,5500,5500,5500,5500,5500,400
2023-06-16,5500,5500,5500,5500,5500,200
2023-06-19,5500,5600,5500,5500,5500,2100
2023-06-20,5100,5100,5100,5100,5100,100
2023-06-21,5100,5500,5100,5500,5500,1600
2023-06-22,5200,5500,5200,5300,5300,1300
2023-06-23,5600,5600,5600,5600,5600,100
2023-06-26,5200,5200,5200,5200,5200,1200
2023-06-27,5200,5200,5200,5200,5200,1000
2023-06-28,5000,5500,4900,5500,5500,300
2023-06-29,5400,5400,5400,5400,5400,600
2023-06-30,5300,5300,5000,5000,5000,1200
2023-07-03,5000,5100,5000,5100,5100,400
2023-07-04,5000,5500,5000,5500,5500,300
2023-07-05,5200,5200,5200,5200,5200,300
2023-07-06,5000,5000,5000,5000,5000,200
2023-07-07,5500,5500,5300,5500,5500,46400
2023-07-10,5800,6000,5500,6000,6000,13700
2023-07-11,6600,6600,6000,6600,6600,6400
2023-07-12,6400,7200,6400,7200,7200,9000
2023-07-13,7200,7600,6600,6800,6800,9900
2023-07-14,6500,7300,6200,6900,6900,11300
2023-07-17,6400,7500,6400,7500,7500,6000
2023-07-18,7000,7900,7000,7600,7600,4400
2023-07-19,8200,8200,6900,6900,6900,9200
2023-07-20,6900,6900,6500,6500,6500,1400
2023-07-21,6400,6400,6000,6200,6200,5100
2023-07-24,6200,6200,6200,6200,6200,3100
2023-07-25,6400,6400,6400,6400,6400,100
2023-07-26,6100,6400,6100,6100,6100,600
2023-07-27,5600,6700,5600,6700,6700,10100
2023-07-28,7300,7300,7300,7300,7300,9400
2023-07-31,8000,8000,8000,8000,8000,36700
2023-08-01,8100,8800,8100,8800,8800,10900
2023-08-02,9600,9600,9600,9600,9600,21100
2023-08-03,9100,9800,8800,8800,8800,9700
2023-08-04,8800,8800,8500,8700,8700,3400
2023-08-07,8700,8700,8300,8500,8500,3100
2023-08-08,8400,8500,8400,8400,8400,1900
2023-08-09,8400,8700,8100,8100,8100,4200
2023-08-10,8100,8100,8100,8100,8100,5000
2023-08-11,8100,8100,8100,8100,8100,400
2023-08-14,8000,8000,7500,7900,7900,1400
2023-08-15,7500,7900,7500,7900,7900,3000
2023-08-16,7500,8000,7500,8000,8000,500
2023-08-17,8000,8000,7400,7500,7500,7400
2023-08-18,7500,7500,7000,7000,7000,1500
2023-08-21,7000,7000,7000,7000,7000,1200
2023-08-24,7000,7000,7000,7000,7000,700
2023-08-25,6500,6900,6500,6900,6900,300
2023-08-28,6900,7500,6900,7500,7500,2800
2023-08-29,7800,7800,7000,7800,7800,3400
2023-08-30,7800,7800,7300,7800,7800,1300
2023-08-31,7700,7700,7700,7700,7700,100
2023-09-05,7700,7800,7700,7700,7700,2200
2023-09-06,7700,8000,7700,8000,8000,1100
2023-09-07,8000,8000,7900,7900,7900,700
2023-09-08,8000,8000,7200,7900,7900,7000
2023-09-11,7900,7900,7800,7800,7800,3200
2023-09-12,7800,7800,7800,7800,7800,2000
2023-09-13,7700,7700,7200,7700,7700,3600
2023-09-14,7600,7600,7600,7600,7600,100
2023-09-15,7100,7200,7100,7200,7200,700
2023-09-18,7300,7300,7300,7300,7300,300
2023-09-21,7000,7000,7000,7000,7000,300
2023-09-22,6800,7000,6500,7000,7000,1600
2023-09-26,7200,7200,7200,7200,7200,100
2023-09-29,6900,6900,6500,6500,6500,3000
2023-10-02,6500,6500,6500,6500,6500,2300
2023-10-03,5900,5900,5900,5900,5900,400
2023-10-04,6200,6200,6200,6200,6200,100
2023-10-09,5700,5700,5700,5700,5700,900
2023-10-10,5900,5900,5900,5900,5900,100
2023-10-12,6100,6200,6000,6000,6000,700
2023-10-13,6000,6000,6000,6000,6000,100
2023-10-17,6000,6100,5600,5700,5700,600
2023-10-18,5700,5700,5700,5700,5700,100
2023-10-23,6000,6200,6000,6200,6200,1500
2023-10-25,5800,5800,5800,5800,5800,100
2023-10-26,5300,5300,5300,5300,5300,100
2023-10-27,4800,5300,4800,5000,5000,800
2023-10-30,4700,4900,4700,4900,4900,200
2023-10-31,5100,5300,5100,5300,5300,300
2023-11-01,5000,5300,5000,5300,5300,1500
2023-11-02,4900,4900,4900,4900,4900,100
2023-11-03,5300,5300,5300,5300,5300,1100
2023-11-06,5800,5800,5800,5800,5800,300
2023-11-07,6300,6300,6300,6300,6300,2100
2023-11-08,6400,6800,6400,6700,6700,3900
2023-11-09,7100,7100,6200,6200,6200,300
2023-11-10,6400,6400,6400,6400,6400,200
2023-11-13,6200,6400,6200,6400,6400,200
2023-11-14,6400,6400,6400,6400,6400,100
2023-11-16,7000,7000,7000,7000,7000,700
2023-11-17,6800,6800,6800,6800,6800,1000
2023-11-20,6800,6800,6800,6800,6800,1000
2023-12-01,6200,6200,6200,6200,6200,2100
2023-12-04,6200,6200,5600,5600,5600,1400
2023-12-05,5600,5600,5600,5600,5600,1000
2023-12-07,5600,5600,5600,5600,5600,1000
2023-12-08,5400,5600,5400,5600,5600,2200
2023-12-14,5600,5600,5600,5600,5600,500
2023-12-15,5600,6100,5600,6100,6100,3300
2023-12-18,5500,6400,5500,6400,6400,600
2023-12-19,6900,6900,6900,6900,6900,100
2023-12-20,7100,7100,6300,6300,6300,1600
2023-12-21,6300,6800,6300,6800,6800,300
2023-12-22,6900,6900,6200,6200,6200,1500
2023-12-25,5600,6800,5600,5600,5600,2100
2023-12-26,6000,6000,6000,6000,6000,100
2023-12-27,6600,6600,5600,6500,6500,1100
2023-12-28,5900,5900,5900,5900,5900,700
2024-01-02,6300,6300,6200,6200,6200,400
2024-01-03,5700,5700,5700,5700,5700,200
2024-01-04,5700,5700,5500,5500,5500,800
2024-01-05,5800,5800,5800,5800,5800,1100
2024-01-08,5600,5800,5600,5600,5600,4800
2024-01-09,5600,5600,5600,5600,5600,100
2024-01-10,5600,5600,5600,5600,5600,100
2024-01-11,5600,5600,5600,5600,5600,1900
2024-01-12,5700,5700,5700,5700,5700,3000
2024-01-15,5700,5700,5600,5600,5600,400
2024-01-16,5600,5600,5600,5600,5600,2500
2024-01-17,5600,5600,5600,5600,5600,700
2024-01-29,5600,6100,5600,6100,6100,7300
2024-01-30,6500,6600,6500,6600,6600,2800
2024-01-31,7000,7000,7000,7000,7000,400
2024-02-01,6300,7000,6300,6300,6300,1100
2024-02-02,6600,6600,6300,6300,6300,200
2024-02-16,6300,6300,5800,5800,5800,2800
2024-02-19,5600,5600,5600,5600,5600,100
2024-02-20,6000,6000,6000,6000,6000,500
2024-02-21,6000,6000,6000,6000,6000,500
2024-02-28,5700,5700,5600,5600,5600,2500
2024-02-29,6000,6000,5600,6000,6000,300
2024-03-01,6500,6500,6300,6300,6300,200
2024-03-04,5800,5800,5800,5800,5800,300
2024-03-06,5800,6100,5800,6100,6100,2000
2024-03-07,6700,6700,6700,6700,6700,12200
2024-03-12,6100,6100,6100,6100,6100,5800
2024-03-13,6000,6100,5600,6100,6100,7400
2024-03-14,6700,6700,6500,6500,6500,2100
2024-03-15,6500,6500,6500,6500,6500,9200
2024-03-18,6500,6500,6500,6500,6500,100
2024-03-20,6500,6500,6500,6500,6500,300
2024-03-21,6500,6500,6500,6500,6500,100
2024-03-22,5900,6100,5900,6100,6100,2200
2024-03-25,6100,6100,6100,6100,6100,700
2024-03-26,6100,6100,6100,6100,6100,100
2024-03-28,6100,6100,6100,6100,6100,2000
2024-03-29,6100,6100,6100,6100,6100,800
